COSMoS_BC_ID,NCIt_Code,BC_Name,BC_Definition,BC_Synonyms,BC_Type,BC_Scope,TESTCD,TEST,TESTCD_NCIt,Categories,Hierarchy_Path,Parent_Label,Row_Type,Domains_with_DS,DS_Code,DS_Name,Domain,Domain_Class,Result_Scale,Specimen,Specimen_NCIt,Method,Method_NCIt,LOINC_Code_Count,LOINC_Code,Allowed_Units,Standard_Unit,COSMoS_Category,COSMoS_Subcategory,Decimal_Places,location,laterality,evaluator
C103346,C103346,Abdominal Skinfold Thickness,A measurement for determining the subcutaneous fat layer thickness whereby a pinch of skin approximately five centimeters to the right of the umbilicus is measured using calipers.,ABSKNF,full,Subject,ABSKNF,Abdominal Skinfold Thickness,C103346,Body Measurements; Vital Signs,Skinfold Thickness Analysis,Skinfold Thickness Analysis,DSS,VS,ABSKNF,Abdominal Skinfold Thickness,VS,Findings,Quantitative,,,,,0.0,,mm,,,,3.0,,,
C189634,C189634,Additional Disease-Related Findings,"A determination of additional abnormalities and/or other observations that may be associated with the disease of interest, for which a targeted test has not been identified in the data.",ADDRELF,full,Subject,ADDRELF,Additional Disease-Related Findings,C189634,Respiratory System Findings,Finding by Cause,Finding by Cause,DSS,RE,ADDRELF_RE,Additional Disease-Related Findings (RE),RE,Findings,Qualitative,,,,,0.0,,,,,,2.0,,,
C170620,C170620,Air Trapping Measurement,A measurement of the gas retention in a specified intrapulmonary space at the end of exhalation.,Air Trapping;AIRTRAP,full,Subject,AIRTRAP,Air Trapping,C170620,Pulmonary Function Test; Respiratory System Findings,Pulmonary Function Test,Pulmonary Function Test,DSS,RE,AIRTRAP_RE,Air Trapping (RE),RE,Findings,Quantitative,,,,,0.0,,mL; L,,,,3.0,,,
C124422,C124422,Airway Conductance,"The instantaneous rate of gas flow in the airway, expressed as the pressure difference between any given part of the airway and the alveoli; it is the reciprocal of airway resistance (Raw).",GAW,full,Subject,GAW,Airway Conductance,C124422,Pulmonary Function Test; Respiratory System Findings,Pulmonary Function Test,Pulmonary Function Test,DSS,RE,GAW_RE,Airway Conductance (RE),RE,Findings,Quantitative,,,,,0.0,,,,,,2.0,,,
C120927,C120927,Airway Resistance,An assessment of the opposition to airflow through the respiratory tract on inspiration and/or expiration.,AIRRES;RAW;Raw,full,Subject,RAW,Airway Resistance,C120927,Pulmonary Function Test; Respiratory System Findings,Pulmonary Function Test,Pulmonary Function Test,DSS,RE,RAW_RE,Airway Resistance (RE),RE,Findings,Quantitative,,,,,0.0,,cmH2O*s/mL,cmH2O*s/mL,,,3.0,,,
C170457,C170457,Airway Volume,The total volume of gas in a specified airway or set of airways at a specified point in time in the respiratory cycle.,AWVOL,full,Subject,AWVOL,Airway Volume,C170457,Respiratory System Findings,Volume,Volume,DSS,RE,AWVOL_RE,Airway Volume (RE),RE,Findings,Quantitative,,,,,0.0,,mL,mL,,,3.0,,,
C170619,C170619,Airway Wall Volume,The volume of the entirety of the airway tissue in a specified intrapulmonary region.,AWWVOL,full,Subject,AWWVOL,Airway Wall Volume,C170619,Respiratory System Findings,Volume > Airway Volume,Airway Volume,DSS,RE,AWWVOL_RE,Airway Wall Volume (RE),RE,Findings,Quantitative,,,,,0.0,,mL,mL,,,3.0,,,
C103453,C103453,Albumin to Total Protein Ratio Measurement,The determination of the ratio of the albumin compared with total protein in a biological sample. The measurement may be expressed as a ratio or percentage.,Albumin/Total Protein;ALBPROT,full,Subject,ALBPROT,Albumin/Total Protein,C103453,Chemistry Tests; Laboratory Tests; Ratio Measurements,Chemistry Test > Liver Function Test > Albumin Measurement,Albumin Measurement,DSS,LB,ALBPROTURIN,Albumin/Total Protein in Urine,LB,Findings,Quantitative,URINE,C13283,,,1.0,13992-3,%; g/g; g/kg,g/g,CHEMISTRY,,5.0,,,
C156584,C156584,Alveolar Volume,The quantity of fresh gas that enters the alveoli during inspiration.,ALVVOL;VA,full,Subject,ALVVOL,Alveolar Volume,C156584,Pulmonary Function Test; Respiratory System Findings,Pulmonary Function Test,Pulmonary Function Test,DSS,RE,ALVVOL_RE,Alveolar Volume (RE),RE,Findings,Quantitative,,,,,0.0,,mL; L,,,,3.0,,,
C172255,C172255,Anatomical Circumference,Measurements of body parts that have a measurable distance around them.,,hierarchy_only,Subject,,,,Body Measurements; Vital Signs,,,BC_only_hierarchy,,,,,,,,,,,,,,,,,,,,
C87304,C87304,Ankle-Brachial Index,"The ratio of ankle systolic pressure to brachial systolic pressure, used to assess arterial insufficiency in the lower extremities.",ABI;Ankle-Arm Index;Ankle-Arm Pressure Index;Ankle-Brachial Pressure Index,full,Subject,ABI,Ankle-Brachial Index,C87304,Blood Pressure; Vital Signs,Diagnostic Factor,Diagnostic Factor,DSS,VS,ABI,Ankle-Brachial Index,VS,Findings,Quantitative,,,,,0.0,,,,,,2.0,,,
C181553,C181553,Arm Span,"A measurement of the length from the tip of the middle finger on one hand to the tip of the middle finger on the other hand with the individual standing against the wall with both arms abducted to 90 degrees, the elbows and wrists extended, and the palms facing directly forward. (Philip H. Quanjer, Andre Capderou, Mumtaz M. Mazicioglu, Ashutosh N. Aggarwal, Sudip Datta Banik, Stevo Popovic, Francis A.K. Tayie, Mohammad Golshan, Mary S.M. Ip, Marc Zelter. European Respiratory Journal 2014 44: 905-912)",ARMSPAN;Armspan;Reach;Wingspan,full,Subject,ARMSPAN,Arm Span,C181553,Body Measurements; Vital Signs,,,DSS,VS,ARMSPAN,Arm Span,VS,Findings,Quantitative,,,,,0.0,,cm; ft; in; m,,,,3.0,,,
C163567,C163567,BMI-for-Age Percentile,"A measurement of an individual's body mass index in relationship to age, in comparison to a reference percentile curve.",BMIAPCTL,full,Subject,BMIAPCTL,BMI-for-Age Percentile,C163567,Body Measurements; Vital Signs,,,DSS,VS,BMIAPCTL,BMI-for-Age Percentile,VS,Findings,Quantitative,,,,,0.0,,,,,,2.0,,,
C126083,C126083,Basal Metabolic Rate,A patient's energy expenditure at rest.,BMR,full,Subject,BMR,Basal Metabolic Rate,C126083,Energy Expenditure; Vital Signs,Characteristic > Organism Characteristic,Organism Characteristic,DSS,VS,BMR,Basal Metabolic Rate,VS,Findings,Quantitative,,,,,0.0,,kcal/day; Watt,,,,3.0,,,
C76325,C76325,Birth Weight,The first weight of a newborn obtained after birth.,BRTHWT,full,Subject,BRTHWT,Birth Weight,C76325,Body Measurements; Vital Signs,Weight,Weight,DSS,VS,BRTHWT,Birth Weight,VS,Findings,Quantitative,,,,,0.0,,g; kg; LB; oz,,,,3.0,,,
C94866,C94866,Blood Flow Rate,"The volume of blood per unit time passing through a specified location, such as a point in a blood vessel or an entire organ. Units are ml/sec.",Blood Flow Rate;BLDFLRT,full,Subject,BLDFLRT,Blood Flow Rate,C94866,Clinical Test Result; Findings; Renal Function Tests; Respiratory System Findings; Urinary System Findings,Flow Rate,Flow Rate,DSS,RE; UR,BLDFLRT_RE,Blood Flow Rate (RE),RE,Findings,Quantitative,,,,,0.0,,cm/s,cm/s,,,7.0,,,
C199996,C199996,Body Cell Mass Measurement,An estimated measurement of the total mass of metabolically active cells in the body.,BCM;Body Cell Mass,full,Subject,BCM,Body Cell Mass,C199996,Mass Measurement; Vital Signs,Mass Measurement,Mass Measurement,DSS,VS,BCM,Body Cell Mass,VS,Findings,Quantitative,,,,,0.0,,g; kg; LB,,,,3.0,,,
C122232,C122232,Body Fat Measurement,A measurement of the total fat mass within the subject's body.,BODYFATM,full,Subject,BODYFATM,Body Fat Measurement,C122232,Body Measurements; Vital Signs,Personal Attribute,Personal Attribute,DSS,VS,BODYFATM,Body Fat Measurement,VS,Findings,Quantitative,,,,,0.0,,%,,,,3.0,,,
C205752,C205752,Body Length-for-Age Percentile,"A measurement of an individual's body length in relationship to age, in comparison to a reference percentile curve.",BLAPCTL,full,Subject,BLAPCTL,Body Length-for-Age Percentile,C205752,Body Measurements; Vital Signs,,,DSS,VS,BLAPCTL,Body Length-for-Age Percentile,VS,Findings,Quantitative,,,,,0.0,,,,,,2.0,,,
C215116,C215116,Body Organ or System Test,Assessment of a body organ or a body system to find irregularities or dysfunction.,,hierarchy_only,Subject,,,,Respiratory System Findings,,,BC_only_hierarchy,,,,,,,,,,,,,,,,,,,,
C25157,C25157,Body Surface Area,"A measure of the 2-dimensional extent of the body surface (i.e., the skin). Body surface area (BSA) can be calculated by mathematical formula or from a chart that relates height to weight. BSA is often an important factor in dosing.",BSA,full,Subject,BSA,Body Surface Area,C25157,Body Measurements; Vital Signs,Personal Attribute,Personal Attribute,DSS,VS,BSA,Body Surface Area,VS,Findings,Quantitative,,,,,0.0,,m2,,,,3.0,,,
C164325,C164325,Body Temperature Measurement,The result of the measurement of the body temperature.,Vital Signs - Body Temperature,hierarchy_only,Subject,,,,Temperature; Vital Signs,Physical Examination Finding,Physical Examination Finding,BC_only_hierarchy,,,,,,,,,,,,,,,,,,,,
C178060,C178060,Calf Circumference,A circumferential measurement of the lower leg in the region of the calf at the widest point.,CALFCIR,full,Subject,CALFCIR,Calf Circumference,C178060,Body Measurements; Vital Signs,Anatomical Circumference,Anatomical Circumference,DSS,VS,CALFCIR,Calf Circumference,VS,Findings,Quantitative,,,,,0.0,,cm; in; mm,,,,3.0,,,
C168125,C168125,Capillary Refill Test,An assessment performed to estimate peripheral perfusion and hydration status. The test is most often conducted by applying constant manual pressure for a set time on a patient's nail bed and then releasing while observing the length of time it takes for color to return to the tissue. A prolonged return to baseline coloring may indicate compromise of peripheral blood flow.,Capillary Refill Time;CPLRFLT,full,Subject,CPLRFLT,Capillary Refill Time,C168125,Cardiovascular Examination; Vital Signs,Cardiovascular Examination,Cardiovascular Examination,DSS,VS,CPLRFLT,Capillary Refill Time,VS,Findings,Quantitative,,,,,0.0,,s,,,,3.0,,,
C38083,C38083,Carbon Monoxide Diffusing Capability Test,"A measurement of carbon monoxide (CO) transfer from inspired gas to pulmonary capillary blood. During the test, the subject inspires a gas containing CO and one or more tracer gases to allow determination of the gas exchanging capability of the lungs.",Diffusion Capacity of Lung for CO;DLCO;TLCO;Transfer Factor of Lung for CO;Diffusion Capacity of the Lung for Carbon Monoxide;PFT/DLCO;Pulmonary Function Test/Carbon Monoxide Diffusing Capability,full,Subject,DLCO,Diffusion Capacity of Lung for CO,C38083,Pulmonary Function Test; Respiratory System Findings,Pulmonary Function Test,Pulmonary Function Test,DSS,RE,DLCO_RE,Diffusion Capacity of Lung for CO (RE),RE,Findings,Quantitative,,,,,0.0,,L; mL,,,,3.0,,,
C16094,C16094,Cardiac Function Study,"The study and analysis of the normal or abnormal functioning of the heart using methods such as echocardiography, exercise stress cardiography, 24-hour Holter EKG and magnetic resonance imaging.",,hierarchy_only,Subject,,,,Cardiac Function Study,,,BC_only_hierarchy,,,,,,,,,,,,,,,,,,,,
C122008,C122008,Cardiovascular Examination,Tests and assessments pertaining to the cardiovascular system.,Cardiac Examination,hierarchy_only,Subject,,,,Cardiovascular Examination,,,BC_only_hierarchy,,,,,,,,,,,,,,,,,,,,
C156606,C156606,Chest Circumference,A circumferential measurement of the chest.,CHESTCIR,full,Subject,CHESTCIR,Chest Circumference,C156606,Body Measurements; Vital Signs,Anatomical Circumference,Anatomical Circumference,DSS,VS,CHESTCIR,Chest Circumference,VS,Findings,Quantitative,,,,,0.0,,cm; in; mm,,,,3.0,,,
C119797,C119797,Clinical Observations Category,A classification of clinical observation data.,CLCAT,hierarchy_only,Subject,,,,Clinical Observations,,,BC_only_hierarchy,,,,,,,,,,,,,,,,,,,,
C174370,C174370,Core Body Temperature,A measurement of the temperature within the deep tissues of the body.,TEMPCB,full,Subject,TEMPCB,Core Body Temperature,C174370,Temperature; Vital Signs,Physical Examination Finding > Body Temperature Measurement,Body Temperature Measurement,DSS,VS,TEMPCB,Core Body Temperature,VS,Findings,Quantitative,,,,,0.0,,C; F,,,,4.0,TYMPANIC MEMBRANE;NASOPHARYNX;ESOPHAGUS;PULMONARY ARTERY BRANCH;SUBLINGUAL REGION;RECTUM,,
C25747,C25747,Creatinine Clearance,"The determination of the clearance of endogenous creatinine, used for evaluating the glomerular filtration rate.",CREATCLR,full,Subject,CREATCLR,Creatinine Clearance,C25747,Chemistry Tests; Clearance Rates; Creatinine Measurements; Laboratory Tests,Chemistry Test > Creatinine Measurement,Creatinine Measurement,DSS,LB,CREATCLRSERPL,Creatinine Clearance in Serum or Plasma,LB,Findings,Quantitative,SERUM OR PLASMA,C105706,,,0.0,,mL/min; mL/s,mL/s,CHEMISTRY,,6.0,,,
C170639,C170639,Crown to Heel Length,A measurement of the length of the body from the crown of the head to the bottom of the heel.,Crown-to-Heel Length;CRWNHEEL,full,Subject,CRWNHEEL,Crown-to-Heel Length,C170639,Body Measurements; Vital Signs,Length,Length,DSS,VS,CRWNHEEL,Crown-to-Heel Length,VS,Findings,Quantitative,,,,,0.0,,cm; in; mm,,,,3.0,,,
C19591,C19591,Diagnostic Factor,"A biological, physiological, behavioral, or molecular indicator of the presence or predisposition towards development of a specific disease.",Diagnostic Marker,hierarchy_only,Subject,,,,Diagnostic Factor,,,BC_only_hierarchy,,,,,,,,,,,,,,,,,,,,
C172610,C172610,Diastolic Blood Pressure-for-Age Percentile,"A measurement of an individual's diastolic blood pressure in relationship to age, in comparison to a reference percentile curve.",DBPAPCTL;Diastolic BP-for-Age Percentile,full,Subject,DBPAPCTL,Diastolic BP-for-Age Percentile,C172610,Blood Pressure; Vital Signs,,,DSS,VS,DBPAPCTL,Diastolic BP-for-Age Percentile,VS,Findings,Quantitative,,,,,0.0,,,,,,2.0,,,
C172609,C172609,Diastolic Blood Pressure-for-Height Percentile,"A measurement of an individual's diastolic blood pressure in relationship to height, in comparison to a reference percentile curve.",DBPHPCTL;Diastolic BP-for-Height Percentile,full,Subject,DBPHPCTL,Diastolic BP-for-Height Percentile,C172609,Blood Pressure; Vital Signs,,,DSS,VS,DBPHPCTL,Diastolic BP-for-Height Percentile,VS,Findings,Quantitative,,,,,0.0,,,,,,2.0,,,
C120830,C120830,Diffusion Capacity of the Lung for Carbon Monoxide/Alveolar Volume Ratio,The calculated ratio of the lung's alveolar volume with respect to its diffusion capacity for carbon monoxide.,DLCO/VA;DLCOVA,full,Subject,DLCOVA,DLCO/VA,C120830,Pulmonary Function Test; Respiratory System Findings,Pulmonary Function Test,Pulmonary Function Test,DSS,RE,DLCOVA_RE,DLCO/VA (RE),RE,Findings,Quantitative,,,,,0.0,,%; RATIO,,,,3.0,,,
C189632,C189632,Dominant Lung Pattern Assessment,"A subjective assessment of the primary lung abnormality pattern, generally based on size, distribution, and/or amount.",Dominant Lung Pattern;DOMLGPT,full,Subject,DOMLGPT,Dominant Lung Pattern,C189632,Respiratory System Findings,Histopathologic Examination,Histopathologic Examination,DSS,RE,DOMLGPT_RE,Dominant Lung Pattern (RE),RE,Findings,Qualitative,,,,,0.0,,,,,,2.0,,,
C189633,C189633,Dominant Lung Pattern Distribution Assessment,A subjective assessment of the distribution of the primary lung abnormality pattern.,Dominant Lung Pattern Distribution;DOMLGPTD,full,Subject,DOMLGPTD,Dominant Lung Pattern Distribution,C189633,Respiratory System Findings,Histopathologic Examination,Histopathologic Examination,DSS,RE,DOMLGPTD_RE,Dominant Lung Pattern Distribution (RE),RE,Findings,Qualitative,,,,,0.0,,,,,,2.0,,,
C161422,C161422,Effusion Indicator,An indication as to whether effusion is present.,EFFIND,full,Subject,EFFIND,Effusion Indicator,C161422,Respiratory System Findings,Symptom Indicator,Symptom Indicator,DSS,RE,EFFIND_RE,Effusion Indicator (RE),RE,Findings,Qualitative,,,,,0.0,,,,,,2.0,,,
C161424,C161424,Effusion Volume Measurement,The amount of three dimensional space occupied by the effusion fluid.,Effusion Volume;EFFVOL,full,Subject,EFFVOL,Effusion Volume,C161424,Respiratory System Findings,Volume Measurement,Volume Measurement,DSS,RE,EFFVOL_RE,Effusion Volume (RE),RE,Findings,Quantitative,,,,,0.0,,mL,mL,,,3.0,,,
C135493,C135493,Elastance,"A measure of the resistance of a system to expand, i.e. the pressure change that is required to elicit a unit volume change in the lungs; elastance is the reciprocal of compliance.",ELSTNCE,full,Subject,ELSTNCE,Elastance,C135493,Pulmonary Function Test; Respiratory System Findings,Pulmonary Function Test,Pulmonary Function Test,DSS,RE,ELSTNCE_RE,Elastance (RE),RE,Findings,Quantitative,,,,,0.0,,mL/cm H2O,mL/cm H2O,,,3.0,,,
C147491,C147491,Energy Expenditure,A measurement of the amount of energy used to carry out a physiological or physical function.,ENRGEXP,full,Subject,ENRGEXP,Energy Expenditure,C147491,Energy Expenditure; Vital Signs,Personal Attribute,Personal Attribute,DSS,VS,ENRGEXP,Energy Expenditure,VS,Findings,Quantitative,,,,,0.0,,MET,,,,3.0,,,
C132482,C132482,Estimated Body Weight,An approximate determination of the weight of a body.,Estimated Weight;EWEIGHT,full,Subject,EWEIGHT,Estimated Weight,C132482,Body Measurements; Vital Signs,Weight > Body Weight,Body Weight,DSS,VS,EWEIGHT,Estimated Weight,VS,Findings,Quantitative,,,,,0.0,,g; kg; LB,,,,3.0,,,
C161312,C161312,Evidence of Malignant Disease Description,A description of the basis for the determination that a malignancy is present.,MALEVDES;Malignancy Evidence Description,full,Subject,MALEVDES,Malignancy Evidence Description,C161312,Respiratory System Findings,Description,Description,DSS,RE,MALEVDES_RE,Malignancy Evidence Description (RE),RE,Findings,Qualitative,,,,,0.0,,,,,,2.0,,,
C85534,C85534,Excretion Rate,The speed relative to time that an exogenous compound is removed from a body system.,,hierarchy_only,Subject,,,,Biological Clearance Rates; Clearance Rates; Excreation Rates; Laboratory Tests,,,BC_only_hierarchy,,,,,,,,,,,,,,,,,,,,
C120931,C120931,Expiration Relaxation Time,The amount of time required to reach a specific tidal volume as measured from the start of exhalation.,EXPRELTM,full,Subject,EXPRELTM,Expiration Relaxation Time,C120931,Pulmonary Function Test; Respiratory System Findings,Pulmonary Function Test,Pulmonary Function Test,DSS,RE,EXPRELTM_RE,Expiration Relaxation Time (RE),RE,Findings,Quantitative,,,,,0.0,,ms,ms,,,3.0,,,
C111200,C111200,Expiratory Reserve Volume,The maximum volume of air a subject can exhale from the lungs after a tidal exhalation.,ERV,full,Subject,ERV,Expiratory Reserve Volume,C111200,Pulmonary Function Test; Respiratory System Findings,Pulmonary Function Test,Pulmonary Function Test,DSS,RE,ERV_RE,Expiratory Reserve Volume (RE),RE,Findings,Quantitative,,,,,0.0,,mL; L,,,,3.0,,,
C120932,C120932,Expiratory Time,The recorded time interval between the initiation of exhalation and the time at which no further lung volume reduction occurs.,Expiration Time;EXPTIME,hierarchy_only,Subject,,,,Respiratory System Findings,,,BC_only_hierarchy,,,,,,,,,,,,,,,,,,,,
C147484,C147484,Expiratory Vital Capacity,The maximum volume of air an individual can exhale from the point of maximal inhalation.,EVC,full,Subject,EVC,Expiratory Vital Capacity,C147484,Pulmonary Function Test; Respiratory System Findings,Pulmonary Function Test,Pulmonary Function Test,DSS,RE,EVC_RE,Expiratory Vital Capacity (RE),RE,Findings,Quantitative,,,,,0.0,,L; mL,,,,3.0,,,
C191364,C191364,Extracellular Water Measurement,A measurement of the quantity of water in the extracellular compartments within the body.,ECW;Extracellular Body Water;Extracellular Water,full,Subject,ECW,Extracellular Water,C191364,Body Water Measurement; Vital Signs,Chemistry Test,Chemistry Test,DSS,VS,ECW,Extracellular Water,VS,Findings,Quantitative,,,,,0.0,,dL; L,,,,3.0,,,
C191363,C191363,Extracellular Water to Total Body Water Ratio Measurement,The determination of the ratio of extracellular water to total body water present in a sample. The measurement may be expressed as a ratio or percentage.,ECW/TBW;ECWTBW;Extracellular Water/Total Body Water,full,Subject,ECWTBW,Extracellular Water/Total Body Water,C191363,Body Water Measurement; Vital Signs,Chemistry Test,Chemistry Test,DSS,VS,ECWTBW,Extracellular Water/Total Body Water,VS,Findings,Quantitative,,,,,0.0,,%; RATIO,,,,3.0,,,
C124479,C124479,Fetal Body Weight,An estimate or direct measurement of the heaviness of a fetus.,BWFETAL,hierarchy_only,Subject,,,,Body Measurements; Fetal Body Measurements; Vital Signs,Weight > Body Weight,Body Weight,BC_only_hierarchy,,,,,,,,,,,,,,,,,,,,
C174372,C174372,Fetal Estimated Weight,An approximate determination of the weight of the fetus.,FTEWT,full,Subject,FTEWT,Fetal Estimated Weight,C174372,Body Measurements; Fetal Body Measurements; Vital Signs,Weight > Body Weight > Fetal Body Weight,Fetal Body Weight,DSS,VS,FTEWT,Fetal Estimated Weight,VS,Findings,Quantitative,,,,,0.0,,g; kg; LB; oz,,,,3.0,,,
C158297,C158297,Fetal Head Circumference,A circumferential measurement of the fetal head at the widest point.,FTHDCIRC,full,Subject,FTHDCIRC,Fetal Head Circumference,C158297,Body Measurements; Fetal Body Measurements; Vital Signs,Anatomical Circumference > Head Circumference,Head Circumference,DSS,VS,FTHDCIRC,Fetal Head Circumference,VS,Findings,Quantitative,,,,,0.0,,cm; in; mm,,,,3.0,,,
C92715,C92715,Fetal Heart Finding,An observation of the fetal heart that may or may not be abnormal.,,hierarchy_only,Subject,,,,Fetal Heart Findings; Heart Findings; Vital Signs,Cardiovascular System Finding,Cardiovascular System Finding,BC_only_hierarchy,,,,,,,,,,,,,,,,,,,,
C92716,C92716,Fetal Heart Rate,The number of fetal cardiac beats per minute.,Fetal HR;FTHR,full,Subject,FTHR,Fetal Heart Rate,C92716,Fetal Heart Findings; Heart Findings; Vital Signs,Cardiovascular System Finding > Fetal Heart Finding,Fetal Heart Finding,DSS,VS,FTHR,Fetal Heart Rate,VS,Findings,Quantitative,,,,,0.0,,beats/min,,,,3.0,,,
C174375,C174375,Fetal Mandibular Length,A measurement of the length of the fetal mandible.,FTMANDL,full,Subject,FTMANDL,Fetal Mandibular Length,C174375,Body Measurements; Fetal Body Measurements; Vital Signs,Mandibular Length,Mandibular Length,DSS,VS,FTMANDL,Fetal Mandibular Length,VS,Findings,Quantitative,,,,,0.0,,cm; in; mm,,,,3.0,,,
C174373,C174373,Fetal Sagittal Abdominal Diameter,A measurement of the sagittal abdominal diameter of the fetus.,Fetal SAD;FTSAD,full,Subject,FTSAD,Fetal Sagittal Abdominal Diameter,C174373,Body Measurements; Fetal Body Measurements; Vital Signs,Diameter > Sagittal Abdominal Diameter,Sagittal Abdominal Diameter,DSS,VS,FTSAD,Fetal Sagittal Abdominal Diameter,VS,Findings,Quantitative,,,,,0.0,,cm; in; mm,,,,3.0,,,
C214762,C214762,Fetal Size-for-Gestational Age Category,"An assessed relationship of the fetal size and gestational age to that of a reference population, expressed as a category.",FTSZGAC,full,Subject,FTSZGAC,Fetal Size-for-Gestational Age Category,C214762,Body Measurements; Fetal Body Measurements; Vital Signs,Clinical Observations Category,Clinical Observations Category,DSS,VS,FTSZGAC,Fetal Size-for-Gestational Age Category,VS,Findings,Qualitative,,,,,0.0,,,,,,2.0,,,
C174374,C174374,Fetal Weight-for-Gestational Age Percentile,"An assessed relationship of the fetus' weight and gestational age to that of a reference population, expressed as a percentile.",Fetal Weight-for-Gest Age Percentile;FTWTGAPL,full,Subject,FTWTGAPL,Fetal Weight-for-Gest Age Percentile,C174374,Body Measurements; Fetal Body Measurements; Vital Signs,Weight-for-Age Percentile,Weight-for-Age Percentile,DSS,VS,FTWTGAPL,Fetal Weight-for-Gest Age Percentile,VS,Findings,Quantitative,,,,,0.0,,,,,,2.0,,,
C202446,C202446,First Ventilatory Threshold,The point during activity or exercise at which ventilation begins to increase at a faster rate than oxygen consumption. This threshold is characterized by aerobic metabolism.,Ventilatory Threshold 1;VT1,full,Subject,VT1,Ventilatory Threshold 1,C202446,Respiratory System Findings,Ventilatory Threshold,Ventilatory Threshold,DSS,RE,VT1_RE,Ventilatory Threshold 1 (RE),RE,Findings,Quantitative,,,,,0.0,,mL/kg/min,mL/kg/min,,,3.0,,,
C119545,C119545,Forced Expiratory Flow at 25-75 Percent,The mean forced expiratory flow rate at 25-75% of the forced vital capacity.,FEF2575;Forced Expiratory Flow 25-75%,full,Subject,FEF2575,Forced Expiratory Flow 25-75%,C119545,Pulmonary Function Test; Respiratory System Findings,Pulmonary Function Test,Pulmonary Function Test,DSS,RE,FEF2575_RE,Forced Expiratory Flow 25-75% (RE),RE,Findings,Quantitative,,,,,0.0,,L/s; L/min,,,,3.0,,,
C139253,C139253,Forced Expiratory Flow at 50 Percent Forced Vital Capacity,The mean forced expiratory flow rate at 50% of the forced vital capacity.,FEF50;Forced Expiratory Flow 50%,full,Subject,FEF50,Forced Expiratory Flow 50%,C139253,Pulmonary Function Test; Respiratory System Findings,Pulmonary Function Test,Pulmonary Function Test,DSS,RE,FEF50_RE,Forced Expiratory Flow 50% (RE),RE,Findings,Quantitative,,,,,0.0,,L/s; L/min,,,,3.0,,,
C139250,C139250,Forced Expiratory Flow in 0.05 Second,The forced expiratory flow rate during the first 0.05 seconds of a forced exhalation.,FEF_05;FEF 0.05s,full,Subject,FEF_05,Forced Expiratory Flow in 0.05 Second,C139250,Pulmonary Function Test; Respiratory System Findings,Pulmonary Function Test,Pulmonary Function Test,DSS,RE,FEF_05_RE,Forced Expiratory Flow in 0.05 Second (RE),RE,Findings,Quantitative,,,,,0.0,,L/s; L/min,,,,3.0,,,
C139251,C139251,Forced Expiratory Flow in 0.1 Second,The forced expiratory flow rate during the first 0.1 seconds of a forced exhalation.,FEF_1;FEF 0.1s,full,Subject,FEF_1,Forced Expiratory Flow in 0.1 Second,C139251,Pulmonary Function Test; Respiratory System Findings,Pulmonary Function Test,Pulmonary Function Test,DSS,RE,FEF_1_RE,Forced Expiratory Flow in 0.1 Second (RE),RE,Findings,Quantitative,,,,,0.0,,L/s; L/min,,,,3.0,,,
C139252,C139252,Forced Expiratory Flow in 0.2 Second,The forced expiratory flow rate during the first 0.2 seconds of a forced exhalation.,FEF_2;FEF 0.2s,full,Subject,FEF_2,Forced Expiratory Flow in 0.2 Second,C139252,Pulmonary Function Test; Respiratory System Findings,Pulmonary Function Test,Pulmonary Function Test,DSS,RE,FEF_2_RE,Forced Expiratory Flow in 0.2 Second (RE),RE,Findings,Quantitative,,,,,0.0,,L/s; L/min,,,,3.0,,,
C201471,C201471,Forced Expiratory Time,The time taken to fully expirate air from the lungs.,FET,full,Subject,FET,Forced Expiratory Time,C201471,Respiratory System Findings,Expiratory Time,Expiratory Time,DSS,RE,FET_RE,Forced Expiratory Time (RE),RE,Findings,Quantitative,,,,,0.0,,ms; s,,,,3.0,,,
C120933,C120933,Forced Expiratory Volume,The volume of gas an individual can forcible exhale from the lungs in one breath.,FEV,hierarchy_only,Subject,,,,Respiratory System Findings,,,BC_only_hierarchy,,,,,,,,,,,,,,,,,,,,
C139249,C139249,Forced Expiratory Volume at Peak Expiratory Flow,The volume of gas that is forcibly exhaled at the peak of expiratory flow.,FEV at PEF;FEV_PEF,full,Subject,FEV_PEF,FEV at PEF,C139249,Pulmonary Function Test; Respiratory System Findings,Pulmonary Function Test,Pulmonary Function Test,DSS,RE,FEV_PEF_RE,FEV at PEF (RE),RE,Findings,Quantitative,,,,,0.0,,L; mL,,,,3.0,,,
C139246,C139246,Forced Expiratory Volume in 0.05 Second,The volume of air that can be forcibly exhaled during the first 0.05 second following maximal inhalation.,FEV_05;FEV 0.05s,full,Subject,FEV_05,Forced Expiratory Volume in 0.05 Second,C139246,Pulmonary Function Test; Respiratory System Findings,Pulmonary Function Test,Pulmonary Function Test,DSS,RE,FEV_05_RE,Forced Expiratory Volume in 0.05 Second (RE),RE,Findings,Quantitative,,,,,0.0,,L; mL,,,,3.0,,,
C139243,C139243,Forced Expiratory Volume in 0.05 Second to FVC Ratio Measurement,The ratio of the volume of gas that is forcibly exhaled during the first 0.05 seconds following maximal inhalation to that of the forced vital capacity.,EV_05FVC;Forced Expiratory Volume in 0.05 S/FVC;Forced Expiratory Volume in 0.05 Seconds over FVC,full,Subject,EV_05FVC,Forced Expiratory Volume in 0.05 S/FVC,C139243,Pulmonary Function Test; Respiratory System Findings,Pulmonary Function Test,Pulmonary Function Test,DSS,RE,EV_05FVC_RE,Forced Expiratory Volume in 0.05 S/FVC (RE),RE,Findings,Quantitative,,,,,0.0,,RATIO; %,,,,3.0,,,
C139247,C139247,Forced Expiratory Volume in 0.1 Second,The volume of air that can be forcibly exhaled during the first 0.1 second following maximal inhalation.,FEV_1;FEV 0.1s,full,Subject,FEV_1,Forced Expiratory Volume in 0.1 Second,C139247,Pulmonary Function Test; Respiratory System Findings,Pulmonary Function Test,Pulmonary Function Test,DSS,RE,FEV_1_RE,Forced Expiratory Volume in 0.1 Second (RE),RE,Findings,Quantitative,,,,,0.0,,L; mL,,,,3.0,,,
C139244,C139244,Forced Expiratory Volume in 0.1 Second to FVC Ratio Measurement,The ratio of the volume of gas that is forcibly exhaled during the first 0.1 seconds following maximal inhalation to that of the forced vital capacity.,EV_1FVC;Forced Expiratory Volume in 0.1 S/FVC;Forced Expiratory Volume in 0.1 Seconds over FVC,full,Subject,EV_1FVC,Forced Expiratory Volume in 0.1 S/FVC,C139244,Pulmonary Function Test; Respiratory System Findings,Pulmonary Function Test,Pulmonary Function Test,DSS,RE,EV_1FVC_RE,Forced Expiratory Volume in 0.1 S/FVC (RE),RE,Findings,Quantitative,,,,,0.0,,RATIO; %,,,,3.0,,,
C139248,C139248,Forced Expiratory Volume in 0.2 Second,The volume of air that can be forcibly exhaled during the first 0.2 second following maximal inhalation.,FEV_2;FEV 0.2s,full,Subject,FEV_2,Forced Expiratory Volume in 0.2 Second,C139248,Pulmonary Function Test; Respiratory System Findings,Pulmonary Function Test,Pulmonary Function Test,DSS,RE,FEV_2_RE,Forced Expiratory Volume in 0.2 Second (RE),RE,Findings,Quantitative,,,,,0.0,,L; mL,,,,3.0,,,
C139245,C139245,Forced Expiratory Volume in 0.2 Second to FVC Ratio Measurement,The ratio of the volume of gas that is forcibly exhaled during the first 0.2 seconds following maximal inhalation to that of the forced vital capacity.,EV_2FVC;Forced Expiratory Volume in 0.2 S/FVC;Forced Expiratory Volume in 0.2 Seconds over FVC,full,Subject,EV_2FVC,Forced Expiratory Volume in 0.2 S/FVC,C139245,Pulmonary Function Test; Respiratory System Findings,Pulmonary Function Test,Pulmonary Function Test,DSS,RE,EV_2FVC_RE,Forced Expiratory Volume in 0.2 S/FVC (RE),RE,Findings,Quantitative,,,,,0.0,,RATIO; %,,,,3.0,,,
C139262,C139262,Forced Expiratory Volume in 0.5 Second,The volume of air that can be forcibly exhaled during the first half second following maximal inhalation.,FEV_5;FEV 0.5s,full,Subject,FEV_5,Forced Expiratory Volume in 0.5 Second,C139262,Pulmonary Function Test; Respiratory System Findings,Pulmonary Function Test,Pulmonary Function Test,DSS,RE,FEV_5_RE,Forced Expiratory Volume in 0.5 Second (RE),RE,Findings,Quantitative,,,,,0.0,,L; mL,,,,3.0,,,
C174362,C174362,Forced Expiratory Volume in 0.75 Second,The volume of air that can be forcibly exhaled during the first 3/4 second following maximal inhalation.,FEV_75;FEV 0.75s,full,Subject,FEV_75,Forced Expiratory Volume in 0.75 Second,C174362,Respiratory System Findings,Forced Expiratory Volume,Forced Expiratory Volume,DSS,RE,FEV_75_RE,Forced Expiratory Volume in 0.75 Second (RE),RE,Findings,Quantitative,,,,,0.0,,L; mL,,,,3.0,,,
C38084,C38084,Forced Expiratory Volume in 1 Second,"A test of lung function, the FEV1 is the volume exhaled during the first second of a forced expiratory maneuver started from the level of total lung capacity. It is the most frequently used index for assessing bronchoconstriction or bronchodilatation.",FEV1;FEV1%VC;Forced Expiratory Volume 1 Test;PFT/FEV1;Pulmonary Function Test/Forced Expiratory Volume 1,full,Subject,FEV1,Forced Expiratory Volume in 1 Second,C38084,Pulmonary Function Test; Respiratory System Findings,Pulmonary Function Test,Pulmonary Function Test,DSS,RE,FEV1_RE,Forced Expiratory Volume in 1 Second (RE),RE,Findings,Quantitative,,,,,0.0,,L; mL,,,,3.0,,,
C112285,C112285,Forced Expiratory Volume in 1 Second Reversibility,The change in FEV1 following administration of a bronchodilator relative to the pre-treatment FEV1 value. (CDISC),FEV1 Reversibility;FEV1REV,full,Subject,FEV1REV,FEV1 Reversibility,C112285,Pulmonary Function Test; Respiratory System Findings,Pulmonary Function Test,Pulmonary Function Test,DSS,RE,FEV1REV_RE,FEV1 Reversibility (RE),RE,Findings,Quantitative,,,,,0.0,,,,,,2.0,,,
C111359,C111359,Forced Expiratory Volume in 1 Second to Forced Vital Capacity Ratio Measurement,The proportion of total forced vital capacity that is expelled during the first second of a forced exhalation.,FEV1/FVC;FEV1FVC,full,Subject,FEV1FVC,FEV1/FVC,C111359,Pulmonary Function Test; Respiratory System Findings,Pulmonary Function Test,Pulmonary Function Test,DSS,RE,FEV1FVC_RE,FEV1/FVC (RE),RE,Findings,Quantitative,,,,,0.0,,RATIO; %,,,,3.0,,,
C123565,C123565,Forced Expiratory Volume in 1 Second to Forced Vital Capacity in 6 Seconds,A calculated ratio of the forced expiratory volume in one second to the largest observed expired volume during the first six seconds of a forced vital capacity (FVC) maneuver.,FEV1/FVC6;FEV1FVC6,full,Subject,FEV1FVC6,FEV1/FVC6,C123565,Pulmonary Function Test; Respiratory System Findings,Pulmonary Function Test,Pulmonary Function Test,DSS,RE,FEV1FVC6_RE,FEV1/FVC6 (RE),RE,Findings,Quantitative,,,,,0.0,,RATIO; %,,,,3.0,,,
C170626,C170626,Forced Expiratory Volume in 1 Second to Slow Vital Capacity Ratio Measurement,A relative measurement (ratio or percentage) of the forced expiratory volume during the first second of exhalation to the largest observed expired volume during a slow vital capacity maneuver.,FEV1/SVC;FEV1SVC,full,Subject,FEV1SVC,FEV1/SVC,C170626,Pulmonary Function Test; Respiratory System Findings,Pulmonary Function Test,Pulmonary Function Test,DSS,RE,FEV1SVC_RE,FEV1/SVC (RE),RE,Findings,Quantitative,,,,,0.0,,RATIO; %,,,,3.0,,,
C132453,C132453,Forced Expiratory Volume in 3 Seconds,The volume exhaled during the first three seconds of a forced expiratory maneuver that is started from the level of total lung capacity.,FEV3,full,Subject,FEV3,Forced Expiratory Volume in 3 Seconds,C132453,Pulmonary Function Test; Respiratory System Findings,Pulmonary Function Test,Pulmonary Function Test,DSS,RE,FEV3_RE,Forced Expiratory Volume in 3 Seconds (RE),RE,Findings,Quantitative,,,,,0.0,,L; mL,,,,3.0,,,
C170625,C170625,Forced Expiratory Volume in 3 Seconds to Forced Vital Capacity Ratio Measurement,A relative measurement (ratio or percentage) of the forced expiratory volume during the first three seconds of exhalation to the largest observed expired volume during a forced vital capacity maneuver.,FEV3/FVC;FEV3FVC,full,Subject,FEV3FVC,FEV3/FVC,C170625,Pulmonary Function Test; Respiratory System Findings,Pulmonary Function Test,Pulmonary Function Test,DSS,RE,FEV3FVC_RE,FEV3/FVC (RE),RE,Findings,Quantitative,,,,,0.0,,RATIO; %,,,,3.0,,,
C47843,C47843,Forced Expiratory Volume in 6 Seconds,"A test of lung function, the FEV6 is the volume exhaled during six seconds of a forced expiratory maneuver started from the level of total lung capacity.",FEV6;Forced Expiratory Volume 6;Forced Expiratory Volume 6 Test,full,Subject,FEV6,Forced Expiratory Volume in 6 Seconds,C47843,Pulmonary Function Test; Respiratory System Findings,Pulmonary Function Test,Pulmonary Function Test,DSS,RE,FEV6_RE,Forced Expiratory Volume in 6 Seconds (RE),RE,Findings,Quantitative,,,,,0.0,,L; mL,,,,3.0,,,
C124418,C124418,Forced Inspiratory Flow at 25%,The forced inspiratory flow rate at the point on the inspiratory flow-volume curve where 25 percent of the total volume of gas has been inhaled.,FIF25,full,Subject,FIF25,Forced Inspiratory Flow at 25%,C124418,Pulmonary Function Test; Respiratory System Findings,Pulmonary Function Test,Pulmonary Function Test,DSS,RE,FIF25_RE,Forced Inspiratory Flow at 25% (RE),RE,Findings,Quantitative,,,,,0.0,,L/s; L/min,,,,3.0,,,
C124419,C124419,Forced Inspiratory Flow at 50%,The forced inspiratory flow rate at the point on the inspiratory flow-volume curve where 50 percent of the total volume of gas has been inhaled.,FIF50,full,Subject,FIF50,Forced Inspiratory Flow at 50%,C124419,Pulmonary Function Test; Respiratory System Findings,Pulmonary Function Test,Pulmonary Function Test,DSS,RE,FIF50_RE,Forced Inspiratory Flow at 50% (RE),RE,Findings,Quantitative,,,,,0.0,,L/s; L/min,,,,3.0,,,
C124420,C124420,Forced Inspiratory Flow at 75%,The forced inspiratory flow rate at the point on the inspiratory flow-volume curve where 75 percent of the total volume of gas has been inhaled.,FIF75,full,Subject,FIF75,Forced Inspiratory Flow at 75%,C124420,Pulmonary Function Test; Respiratory System Findings,Pulmonary Function Test,Pulmonary Function Test,DSS,RE,FIF75_RE,Forced Inspiratory Flow at 75% (RE),RE,Findings,Quantitative,,,,,0.0,,L/s; L/min,,,,3.0,,,
C139263,C139263,Forced Inspiratory Vital Capacity,The difference in lung volume between maximal expiration to residual volume followed immediately by full inspiration to total lung capacity during forceful inhalation.,FIVC,full,Subject,FIVC,Forced Inspiratory Vital Capacity,C139263,Pulmonary Function Test; Respiratory System Findings,Pulmonary Function Test,Pulmonary Function Test,DSS,RE,FIVC_RE,Forced Inspiratory Vital Capacity (RE),RE,Findings,Quantitative,,,,,0.0,,L; mL,,,,3.0,,,
C111360,C111360,Forced Inspiratory Volume in 1 Second,The volume of air that a subject can breathe in during the first second of inhalation after maximum exhalation.,FIV1,full,Subject,FIV1,Forced Inspiratory Volume in 1 Second,C111360,Pulmonary Function Test; Respiratory System Findings,Pulmonary Function Test,Pulmonary Function Test,DSS,RE,FIV1_RE,Forced Inspiratory Volume in 1 Second (RE),RE,Findings,Quantitative,,,,,0.0,,L; mL,,,,3.0,,,
C111361,C111361,Forced Vital Capacity,The maximum volume of air that can be exhaled after forced maximum inhalation.,FVC,full,Subject,FVC,Forced Vital Capacity,C111361,Pulmonary Function Test; Respiratory System Findings,Pulmonary Function Test,Pulmonary Function Test,DSS,RE,FVC_RE,Forced Vital Capacity (RE),RE,Findings,Quantitative,,,,,0.0,,L; mL,,,,3.0,,,
C124421,C124421,Forced Vital Capacity in 6 Seconds,The volume of gas a subject can forcefully exhale during the first six seconds following maximum inhalation.,FVC6,full,Subject,FVC6,Forced Vital Capacity in 6 Seconds,C124421,Pulmonary Function Test; Respiratory System Findings,Pulmonary Function Test,Pulmonary Function Test,DSS,RE,FVC6_RE,Forced Vital Capacity in 6 Seconds (RE),RE,Findings,Quantitative,,,,,0.0,,L; mL,,,,3.0,,,
C100946,C100946,Forearm Circumference,A circumferential measurement of the largest part of the forearm.,FARMCIR,full,Subject,FARMCIR,Forearm Circumference,C100946,Body Measurements; Vital Signs,Anatomical Circumference,Anatomical Circumference,DSS,VS,FARMCIR,Forearm Circumference,VS,Findings,Quantitative,,,,,0.0,,cm; in; mm,,,,3.0,,,
C38082,C38082,Fraction of Inspired Oxygen,The molar fraction of oxygen in an inhaled gas.,Maximum fraction of inspired oxygen (FiO2);Inhaled oxygen concentration;FIO2;FiO2,full,Subject,FIO2,Fraction of Inspired Oxygen,C38082,Pulmonary Function Test; Respiratory System Findings; Vital Signs,Pulmonary Function Test,Pulmonary Function Test,DSS,RE; VS,FIO2,Fraction of Inspired Oxygen,VS,Findings,Quantitative,,,,,0.0,,%,,,,3.0,,,
C38082,C38082,Fraction of Inspired Oxygen,The molar fraction of oxygen in an inhaled gas.,Maximum fraction of inspired oxygen (FiO2);Inhaled oxygen concentration;FIO2;FiO2,full,Subject,FIO2,Fraction of Inspired Oxygen,C38082,Pulmonary Function Test; Respiratory System Findings; Vital Signs,Pulmonary Function Test,Pulmonary Function Test,DSS,RE; VS,FIO2_RE,Fraction of Inspired Oxygen (RE),RE,Findings,Quantitative,,,,,0.0,,%,%,,,3.0,,,
C89800,C89800,Functional Residual Capacity,The volume of air remaining in the lungs after a normal exhalation.,FRC,full,Subject,FRC,Functional Residual Capacity,C89800,Pulmonary Function Test; Respiratory System Findings,Pulmonary Function Test,Pulmonary Function Test,DSS,RE,FRC_RE,Functional Residual Capacity (RE),RE,Findings,Quantitative,,,,,0.0,,L; mL,,,,3.0,,,
C81255,C81255,Head Circumference,"A circumferential measurement of the head at the widest point, which is traditionally above the eyebrows.",HDCIRC;Occipital-Frontal Circumference,full,Subject,HDCIRC,Head Circumference,C81255,Body Measurements; Vital Signs,Anatomical Circumference,Anatomical Circumference,DSS,VS,HDCIRC,Head Circumference,VS,Findings,Quantitative,,,,,0.0,,cm; in; mm,,,,3.0,,,
C205753,C205753,Head Circumference-for-Age Percentile,"A measurement of an individual's head circumference in relationship to age, in comparison to a reference percentile curve.",HCRAPCTL;Head Occipital-Frontal Circumference-for-Age Percentile,full,Subject,HCRAPCTL,Head Circumference-for-Age Percentile,C205753,Body Measurements; Vital Signs,,,DSS,VS,HCRAPCTL,Head Circumference-for-Age Percentile,VS,Findings,Quantitative,,,,,0.0,,,,,,2.0,,,
C199998,C199998,"Heart Rate Variability, Average Standard Deviation NN Interval Measurement","A measurement of the fluctuation in the time intervals between adjacent heartbeats, based on the average standard deviation of the means of consecutive 5 minute NN intervals over a period of time.","Heart Rate Variability, Average Standard Deviation NN Interval;Heart Rate Variability, SDANN;HRVSDANN",full,Subject,HRVSDANN,"Heart Rate Variability, SDANN",C199998,Cardiac Function Study; Heart Rate Variability,"Cardiac Function Study > Heart Rate Variability, Standard Deviation NN Interval Measurement","Heart Rate Variability, Standard Deviation NN Interval Measurement",DSS,VS,HRVSDANN,"Heart Rate Variability, SDANN",VS,Findings,Quantitative,,,,,0.0,,ms,,,,3.0,,,
C199682,C199682,"Heart Rate Variability, Standard Deviation NN Interval Measurement","A measurement of the fluctuation in the time intervals between adjacent heartbeats, based on the standard deviation of the NN interval.","Heart Rate Variability, SDNN;Heart Rate Variability, Standard Deviation NN Interval;HRVSDNN",full,Subject,HRVSDNN,"Heart Rate Variability, SDNN",C199682,Cardiac Function Study; Heart Rate Variability,Cardiac Function Study,Cardiac Function Study,DSS,VS,HRVSDNN,"Heart Rate Variability, SDNN",VS,Findings,Quantitative,,,,,0.0,,ms,,,,3.0,,,
C163568,C163568,Height-for-Age Percentile,"A measurement of an individual's height in relationship to age, in comparison to a reference percentile curve.",HTAPCTL,full,Subject,HTAPCTL,Height-for-Age Percentile,C163568,Body Measurements; Vital Signs,,,DSS,VS,HTAPCTL,Height-for-Age Percentile,VS,Findings,Quantitative,,,,,0.0,,,,,,2.0,,,
C120825,C120825,Hemoglobin Corrected Diffusion Capacity of the Lung for Carbon Monoxide,An assessment of the diffusion capacity of the lungs for carbon monoxide adjusted for hemoglobin concentration.,DLCOHC;HGB Corrected DLCO,full,Subject,DLCOHC,HGB Corrected DLCO,C120825,Pulmonary Function Test; Respiratory System Findings,Pulmonary Function Test,Pulmonary Function Test,DSS,RE,DLCOHC_RE,HGB Corrected DLCO (RE),RE,Findings,Quantitative,,,,,0.0,,L; mL,,,,3.0,,,
C120827,C120827,Hemoglobin Corrected Diffusion Capacity of the Lung for Carbon Monoxide/Alveolar Volume Ratio,The diffusion capacity of the lungs for carbon monoxide adjusted for the ratio of hemoglobin concentration to alveolar volume.,DLCOHCVA;HGB Corrected DLCO/VA,full,Subject,DLCOHCVA,HGB Corrected DLCO/VA,C120827,Pulmonary Function Test; Respiratory System Findings,Pulmonary Function Test,Pulmonary Function Test,DSS,RE,DLCOHCVA_RE,HGB Corrected DLCO/VA (RE),RE,Findings,Quantitative,,,,,0.0,,%; RATIO,,,,3.0,,,
C100947,C100947,Hip Circumference,A circumferential measurement of the largest part of the hip.,HIPCIR,full,Subject,HIPCIR,Hip Circumference,C100947,Body Measurements; Vital Signs,Anatomical Circumference,Anatomical Circumference,DSS,VS,HIPCIR,Hip Circumference,VS,Findings,Quantitative,,,,,0.0,,cm; in; mm,,,,3.0,,,
C18190,C18190,Histopathologic Examination,The microscopic study of characteristic tissue abnormalities by employing various cytochemical and immunocytochemical stains.,Histopathological;HISTOPATHOLOGY;histopathology;Histopathologic Study;Histopathology,hierarchy_only,Subject,,,,Respiratory System Findings,,,BC_only_hierarchy,,,,,,,,,,,,,,,,,,,,
C117976,C117976,Ideal Body Weight,A person's optimum weight as calculated by a standard methodology.,IDEALWT,full,Subject,IDEALWT,Ideal Body Weight,C117976,Body Measurements; Vital Signs,Weight > Body Weight,Body Weight,DSS,VS,IDEALWT,Ideal Body Weight,VS,Findings,Quantitative,,,,,0.0,,g; kg; LB,,,,3.0,,,
C171512,C171512,Infiltrates Indicator,An indication as to whether infiltrates have occurred.,INFLTIND,full,Subject,INFLTIND,Infiltrates Indicator,C171512,Respiratory System Findings,Indicator,Indicator,DSS,RE,INFLTIND_RE,Infiltrates Indicator (RE),RE,Findings,Qualitative,,,,,0.0,,,,,,2.0,,,
C111362,C111362,Inspiratory Capacity,The maximum volume of air a subject can inhale into the lungs after a tidal exhalation (IRV plus TV).,IC,full,Subject,IC,Inspiratory Capacity,C111362,Pulmonary Function Test; Respiratory System Findings,Pulmonary Function Test,Pulmonary Function Test,DSS,RE,IC_RE,Inspiratory Capacity (RE),RE,Findings,Quantitative,,,,,0.0,,L; mL,,,,3.0,,,
C112321,C112321,Inspiratory Capacity Reversibility,The change in IC following administration of a bronchodilator relative to the pre-treatment IC value. (CDISC),IC Reversibility;ICREV,full,Subject,ICREV,IC Reversibility,C112321,Pulmonary Function Test; Respiratory System Findings,Pulmonary Function Test,Pulmonary Function Test,DSS,RE,ICREV_RE,IC Reversibility (RE),RE,Findings,Quantitative,,,,,0.0,,,,,,2.0,,,
C111237,C111237,Inspiratory Reserve Volume,The maximum volume of air a subject can inhale into the lungs after a tidal inhalation.,IRV,full,Subject,IRV,Inspiratory Reserve Volume,C111237,Pulmonary Function Test; Respiratory System Findings,Pulmonary Function Test,Pulmonary Function Test,DSS,RE,IRV_RE,Inspiratory Reserve Volume (RE),RE,Findings,Quantitative,,,,,0.0,,mL; L,,,,3.0,,,
C124423,C124423,Inspiratory Vital Capacity,The maximum volume of gas an individual can inhale from the point of maximal exhalation.,IVC,full,Subject,IVC,Inspiratory Vital Capacity,C124423,Pulmonary Function Test; Respiratory System Findings,Pulmonary Function Test,Pulmonary Function Test,DSS,RE,IVC_RE,Inspiratory Vital Capacity (RE),RE,Findings,Quantitative,,,,,0.0,,L; mL,,,,3.0,,,
C41255,C41255,Interpretation,"An act or process of elucidation, explication, or explanation of the meaning of an event or thing.",INTERPRETATION;INTP,full,Subject,INTP,Interpretation,C41255,Respiratory System Findings,Analysis,Analysis,DSS,RE,INTP_RE,Interpretation (RE),RE,Findings,Qualitative,,,,,0.0,,,,,,2.0,,,
C84372,C84372,Knee to Heel Length Measurement,A measurement of the length of the lower leg from the top of the knee to the bottom of the heel. This measurement may be taken with a knemometer or calipers.,Knee to Heel Length;KNEEHEEL;Knee Height;Lower Leg Length,full,Subject,KNEEHEEL,Knee to Heel Length,C84372,Body Measurements; Vital Signs,Body Frame Size,Body Frame Size,DSS,VS,KNEEHEEL,Knee to Heel Length,VS,Findings,Quantitative,,,,,0.0,,cm; in; mm,,,,3.0,,,
C71258,C71258,Lean Body Mass,The mass of the body minus the fat.,LBM,full,Subject,LBM,Lean Body Mass,C71258,Mass Measurement; Vital Signs,Personal Attribute,Personal Attribute,DSS,VS,LBM,Lean Body Mass,VS,Findings,Quantitative,,,,,0.0,,g; kg; LB,,,,3.0,,,
C139219,C139219,Lean Body Mass to Total Body Mass Ratio,The proportion of an individual's lean body mass to his total body weight; lean body mass is calculated by subtracting body fat from total body weight.,LBMTBMR,full,Subject,LBMTBMR,Lean Body Mass to Total Body Mass Ratio,C139219,Mass Measurement; Vital Signs,Personal Attribute,Personal Attribute,DSS,VS,LBMTBMR,Lean Body Mass to Total Body Mass Ratio,VS,Findings,Quantitative,,,,,0.0,,RATIO,,,,3.0,,,
C199997,C199997,Lean Tissue Mass Measurement,The weight of a tissue part or whole tissue in an individual less the weight of the individual's body fat within that tissue part or whole tissue.,Lean Tissue Mass;LTM,full,Subject,LTM,Lean Tissue Mass,C199997,Mass Measurement; Vital Signs,Mass Measurement,Mass Measurement,DSS,VS,LTM,Lean Tissue Mass,VS,Findings,Quantitative,,,,,0.0,,g; kg; LB,,,,3.0,,,
C174232,C174232,Lobar Volume,A measurement of the total volume of gas in a lobe of the lung at a specified point in time during the respiratory cycle.,LOBVOL,full,Subject,LOBVOL,Lobar Volume,C174232,Pulmonary Function Test; Respiratory System Findings,Pulmonary Function Test,Pulmonary Function Test,DSS,RE,LOBVOL_RE,Lobar Volume (RE),RE,Findings,Quantitative,,,,,0.0,,mL; L,,,,3.0,,,
C124425,C124425,Lung Clearance Index,"A representative measurement of the number of times the volume of gas in the lung at the start of the washout (the Functional Residual Capacity) must be recycled to eliminate the tracer to the pre-defined endpoint. Practically, this is the point where the end tidal concentration of inert gas is less than 1/40th of the opening concentration.",LCI,full,Subject,LCI,Lung Clearance Index,C124425,Pulmonary Function Test; Respiratory System Findings,Pulmonary Function Test,Pulmonary Function Test,DSS,RE,LCI_RE,Lung Clearance Index (RE),RE,Findings,Quantitative,,,,,0.0,,,,,,2.0,,,
C201473,C201473,Lung Clearance Index to 2.5% Initial Concentration,A representative measurement of the number of times the volume of air in the lung at the start of the washout (the Functional Residual Capacity) must be recycled to decrease the tracer to 2.5% (or 1/40th) of its initial concentration.,LCI to 1/40th Initial Concentration;LCI to 2.5% Initial Concentration;LCI2_5;Lung Clearance Index to 1/40th Initial Concentration,full,Subject,LCI2_5,LCI to 2.5% Initial Concentration,C201473,Respiratory System Findings,Pulmonary Function Test > Lung Clearance Index,Lung Clearance Index,DSS,RE,LCI2_5_RE,LCI to 2.5% Initial Concentration (RE),RE,Findings,Quantitative,,,,,0.0,,,,,,2.0,,,
C201472,C201472,Lung Clearance Index to 5% Initial Concentration,A representative measurement of the number of times the volume of air in the lung at the start of the washout (the Functional Residual Capacity) must be recycled to decrease the tracer to 5% (or 1/20th) of its initial concentration.,LCI to 1/20th Initial Concentration;LCI to 5% Initial Concentration;LCI5;Lung Clearance Index to 1/20th Initial Concentration,full,Subject,LCI5,LCI to 5% Initial Concentration,C201472,Respiratory System Findings,Pulmonary Function Test > Lung Clearance Index,Lung Clearance Index,DSS,RE,LCI5_RE,LCI to 5% Initial Concentration (RE),RE,Findings,Quantitative,,,,,0.0,,,,,,2.0,,,
C161423,C161423,Malignant Disease Indicator,An indication as to whether a malignancy is present.,Malignancy Indicator;MALIND,full,Subject,MALIND,Malignancy Indicator,C161423,Respiratory System Findings,Clinical Findings Indicator,Clinical Findings Indicator,DSS,RE,MALIND_RE,Malignancy Indicator (RE),RE,Findings,Qualitative,,,,,0.0,,,,,,2.0,,,
C174233,C174233,Mandibular Length,A measurement of the length of the mandible.,MANDL,full,Subject,MANDL,Mandibular Length,C174233,Body Measurements; Vital Signs,,,DSS,VS,MANDL,Mandibular Length,VS,Findings,Quantitative,,,,,0.0,,cm; in; mm,,,,3.0,,,
C135494,C135494,Maximal Expiratory Pressure,"The greatest amount of pressure that can be generated by exhaling against a mouthpiece, which is a measure of the strength of respiratory muscles.",MEP,full,Subject,MEP,Maximal Expiratory Pressure,C135494,Pulmonary Function Test; Respiratory System Findings,Pulmonary Function Test,Pulmonary Function Test,DSS,RE,MEP_RE,Maximal Expiratory Pressure (RE),RE,Findings,Quantitative,,,,,0.0,,cm H2O,cm H2O,,,3.0,,,
C135496,C135496,Maximal Inspiratory Pressure,"The greatest amount of pressure that can be generated during inhalation against a fully occluded airway, which is used to measure the strength of respiratory muscles.",MIP;Negative Inspiratory Force;NIF,full,Subject,MIP,Maximal Inspiratory Pressure,C135496,Pulmonary Function Test; Respiratory System Findings,Pulmonary Function Test,Pulmonary Function Test,DSS,RE,MIP_RE,Maximal Inspiratory Pressure (RE),RE,Findings,Quantitative,,,,,0.0,,cm H2O,cm H2O,,,3.0,,,
C174363,C174363,"Maximal Oxygen Consumption, Estimated",The predicted maximum rate of oxygen uptake that is derived from physiological responses to submaximal exercise performance and is used as a measure of cardiorespiratory fitness.,Estimated Maximal Aerobic Capacity;VO2MAXE,full,Subject,VO2MAXE,"Maximal Oxygen Consumption, Estimated",C174363,Respiratory System Findings,Pulmonary Function Test > Oxygen Consumption,Oxygen Consumption,DSS,RE,VO2MAXE_RE,"Maximal Oxygen Consumption, Estimated (RE)",RE,Findings,Quantitative,,,,,0.0,,L/min,L/min,,,3.0,,,
C178242,C178242,Maximal Oxygen Uptake,The point at which oxygen uptake no longer increases and beyond which no level of effort can raise it.,Maximal Oxygen Consumption;VO2MAX;V'O2 Max;VO2 Max;VO2max,full,Subject,VO2MAX,Maximal Oxygen Consumption,C178242,Respiratory System Findings,Respiratory System Finding,Respiratory System Finding,DSS,RE,VO2MAX_RE,Maximal Oxygen Consumption (RE),RE,Findings,Quantitative,,,,,0.0,,L/min,L/min,,,3.0,,,
C112333,C112333,Maximum Forced Inspiratory Flow,Forced inspiratory flow for a portion of the FVC curve at the point where the maximum portion of FVC is already inhaled. (CDISC),FIFMAX;FIFmax,full,Subject,FIFMAX,Maximum Forced Inspiratory Flow,C112333,Pulmonary Function Test; Respiratory System Findings,Pulmonary Function Test,Pulmonary Function Test,DSS,RE,FIFMAX_RE,Maximum Forced Inspiratory Flow (RE),RE,Findings,Quantitative,,,,,0.0,,L/s; L/min,,,,3.0,,,
C147492,C147492,Maximum Predicted Heart Rate,"The predicted upper limit for an individual's heart rate, which is calculated as 220 minus the subject's age for men, and 210 minus the subject's age for women.",MAXPREHR,full,Subject,MAXPREHR,Maximum Predicted Heart Rate,C147492,Vital Signs,Vital Signs Measurement > Heart Rate,Heart Rate,DSS,VS,MAXPREHR,Maximum Predicted Heart Rate,VS,Findings,Quantitative,,,,,0.0,,beats/min,,,,3.0,,,
C49679,C49679,Mean Arterial Pressure,"The mean pressure of the blood within the arterial circulation. The arterial pressure may be directly measured by insertion of an intra-arterial catheter connected to a transducer. The mean arterial pressure (MAP) can be calculated by subsequent analysis of the waveform. MAP can be approximated without an invasive procedure using the following formula: diastolic pressure plus 1/3 of the pulse pressure, where pulse pressure is systolic pressure - diastolic pressure.",MAP,full,Subject,MAP,Mean Arterial Pressure,C49679,Blood Pressure; Vital Signs,Vital Signs Measurement > Blood Pressure,Blood Pressure,DSS,VS,MAP,Mean Arterial Pressure,VS,Findings,Quantitative,,,,,0.0,,mmHg,,,,3.0,,,
C123564,C123564,Mean Carbon Monoxide Diffusing Capability Test,The mean volume of the carbon monoxide that is transferred from inspired gas into the pulmonary capillary blood.,DLCOM;Mean Diffusion Capacity of Lung for CO;Mean TLCO,full,Subject,DLCOM,Mean Diffusion Capacity of Lung for CO,C123564,Respiratory System Findings,Pulmonary Function Test > Carbon Monoxide Diffusing Capability Test,Carbon Monoxide Diffusing Capability Test,DSS,RE,DLCOM_RE,Mean Diffusion Capacity of Lung for CO (RE),RE,Findings,Quantitative,,,,,0.0,,L; mL,,,,3.0,,,
C124475,C124475,Mid-Upper Arm Circumference,A circumferential measurement of the largest part of the upper arm.,MUARMCIR,full,Subject,MUARMCIR,Mid-Upper Arm Circumference,C124475,Body Measurements; Vital Signs,Anatomical Circumference,Anatomical Circumference,DSS,VS,MUARMCIR,Mid-Upper Arm Circumference,VS,Findings,Quantitative,,,,,0.0,,cm; in; mm,,,,3.0,,,
C120936,C120936,Minute Volume,The volume of gas inhaled or exhaled from the lungs during sixty seconds.,Minute Ventilation;MV;VE,full,Subject,MV,Minute Volume,C120936,Pulmonary Function Test; Respiratory System Findings,Pulmonary Function Test,Pulmonary Function Test,DSS,RE,MV_RE,Minute Volume (RE),RE,Findings,Quantitative,,,,,0.0,,L/min,L/min,,,3.0,,,
C154891,C154891,Neck Circumference,"A circumferential measurement of the neck, just below the larynx.",NECKCIR,full,Subject,NECKCIR,Neck Circumference,C154891,Body Measurements; Vital Signs,Anatomical Circumference,Anatomical Circumference,DSS,VS,NECKCIR,Neck Circumference,VS,Findings,Quantitative,,,,,0.0,,cm; in; mm,,,,3.0,,,
C171083,C171083,Organism Characteristic,A characteristic or attribute inherent or inherited to an organism.,,hierarchy_only,Subject,,,,Characteristic,Characteristic,Characteristic,BC_only_hierarchy,,,,,,,,,,,,,,,,,,,,
C123570,C123570,Oxygen Consumption,The rate at which oxygen is absorbed and utilized by any given tissue in the body.,VO2,full,Subject,VO2,Oxygen Consumption,C123570,Pulmonary Function Test; Respiratory System Findings,Pulmonary Function Test,Pulmonary Function Test,DSS,RE,VO2_RE,Oxygen Consumption (RE),RE,Findings,Quantitative,,,,,0.0,,L/min,L/min,,,3.0,,,
C123566,C123566,Oxygen Pulse,The volume of oxygen consumed by the body per heartbeat while at rest.,OXYPULSE,full,Subject,OXYPULSE,Oxygen Pulse,C123566,Pulmonary Function Test; Respiratory System Findings,Pulmonary Function Test,Pulmonary Function Test,DSS,RE,OXYPULSE_RE,Oxygen Pulse (RE),RE,Findings,Quantitative,,,,,0.0,,mL/beat,mL/beat,,,3.0,,,
C60832,C60832,Oxygen Saturation Measurement,The measurement of the ratio of oxygenated hemoglobin to total hemoglobin in the blood.,Blood Oxygen Saturation;Hemoglobin Saturation Measurement;Hemoglobin Saturation;O2 Saturation;Oximetry;Oxygen Content Measurement;Oxygen Saturation;OXYSAT;SpO2;Vital Signs - Oxygen Saturation,full,Subject,OXYSAT,Oxygen Saturation,C60832,Oximetry Tests; Oxygen Saturation Measurements; Respiratory System Findings; Vital Signs,Body Organ or System Test,Body Organ or System Test,DSS,RE; VS,OXYSAT_RE,Oxygen Saturation (RE),RE,Findings,Quantitative,,,,,0.0,,%,%,,,6.0,,,
C174311,C174311,Oxygen Saturation/Fraction Inspired O2,A relative measurement (ratio or percentage) of the oxygen-hemoglobin saturation of a volume of blood to the volumetric fraction of oxygen in the inhaled gas.,SAO2FIO2,full,Subject,SAO2FIO2,Oxygen Saturation/Fraction Inspired O2,C174311,Oxygen Saturation Measurements; Pulmonary Function Test; Respiratory System Findings; Vital Signs,Pulmonary Function Test,Pulmonary Function Test,DSS,RE; VS,SAO2FIO2,Oxygen Saturation/Fraction Inspired O2,VS,Findings,Quantitative,,,,,0.0,,%; RATIO,,,,3.0,,,
C174311,C174311,Oxygen Saturation/Fraction Inspired O2,A relative measurement (ratio or percentage) of the oxygen-hemoglobin saturation of a volume of blood to the volumetric fraction of oxygen in the inhaled gas.,SAO2FIO2,full,Subject,SAO2FIO2,Oxygen Saturation/Fraction Inspired O2,C174311,Oxygen Saturation Measurements; Pulmonary Function Test; Respiratory System Findings; Vital Signs,Pulmonary Function Test,Pulmonary Function Test,DSS,RE; VS,SAO2FIO2_RE,Oxygen Saturation/Fraction Inspired O2 (RE),RE,Findings,Quantitative,,,,,0.0,,RATIO; %,,,,3.0,,,
C189635,C189635,Oxygenation Index,"A measurement of the efficiency of oxygen exchange by the lungs, which is calculated by multiplying the fraction of inspired oxygen (FiO2) (in %) to mean airway pressure (Mpaw) and dividing by pressure of arterial oxygen (PaO2).",OI,full,Subject,OI,Oxygenation Index,C189635,Pulmonary Function Test; Respiratory System Findings,Pulmonary Function Test,Pulmonary Function Test,DSS,RE,OI_RE,Oxygenation Index (RE),RE,Findings,Quantitative,,,,,0.0,,,,,,2.0,,,
C119293,C119293,Partial Pressure Arterial Oxygen to Fraction Inspired Oxygen Ratio Measurement,The determination of the ratio of the pressure of oxygen dissolved in arterial blood to the percentage oxygen of an inhaled mixture of gasses in a biological specimen.,Horowitz Index;Carrico index;P/F ratio;Partial Pressure Arterial Oxygen to Fraction Inspired Oxygen Ratio Measurement;PO2FIO2;PAO2/FIO2;PP Arterial O2/Fraction Inspired O2,full,Subject,PO2FIO2,PP Arterial O2/Fraction Inspired O2,C119293,Blood Oxygen Levels; Laboratory Tests; Respiratory System Findings,Chemistry Test > Gas Measurement,Gas Measurement,DSS,LB; RE,PO2FIO2_RE,PP Arterial O2/Fraction Inspired O2 (RE),RE,Findings,Quantitative,,,,,0.0,,mmHg,mmHg,,,4.0,,,
C135498,C135498,Peak Cough Flow,"The maximum rate of air flow expelled through the mouth, endotracheal, or tracheostomy tube during a cough.",PCF;Cough Peak Flow;CPF,full,Subject,PCF,Peak Cough Flow,C135498,Pulmonary Function Test; Respiratory System Findings,Pulmonary Function Test,Pulmonary Function Test,DSS,RE,PCF_RE,Peak Cough Flow (RE),RE,Findings,Quantitative,,,,,0.0,,L/s; L/min,,,,3.0,,,
C41372,C41372,Peak Expiratory Flow,"The maximum rate of gas flow, beginning at the point of peak inspiratory capacity, that can be sustained during forced exhalation for a defined period of time. This test is most often used in combination with other studies of lung function to diagnose and monitor obstructive and restrictive lung disease(s).",PEF,full,Subject,PEF,Peak Expiratory Flow,C41372,Pulmonary Function Test; Respiratory System Findings,Pulmonary Function Test,Pulmonary Function Test,DSS,RE,PEF_RE,Peak Expiratory Flow (RE),RE,Findings,Quantitative,,,,,0.0,,L/s; L/min,,,,3.0,,,
C112368,C112368,Peak Expiratory Flow Reversibility,The change in PEF following administration of a bronchodilator relative to the pre-treatment PEF value. (CDISC),PEF Reversibility;PEFREV,full,Subject,PEFREV,PEF Reversibility,C112368,Pulmonary Function Test; Respiratory System Findings,Pulmonary Function Test,Pulmonary Function Test,DSS,RE,PEFREV_RE,PEF Reversibility (RE),RE,Findings,Quantitative,,,,,0.0,,,,,,2.0,,,
C139259,C139259,Peak Expiratory Flow Time,The time from the start of the test until the subject reaches his maximum expiratory gas flow rate.,PEFTIME;PEF Time,full,Subject,PEFTIME,Peak Expiratory Flow Time,C139259,Pulmonary Function Test; Respiratory System Findings,Pulmonary Function Test,Pulmonary Function Test,DSS,RE,PEFTIME_RE,Peak Expiratory Flow Time (RE),RE,Findings,Quantitative,,,,,0.0,,ms,ms,,,3.0,,,
C120939,C120939,Peak Inspiratory Flow Rate,The fastest flow rate of gas noted during the inspiratory cycle.,Peak Inspiratory Flow;PIF;PKINSFL,full,Subject,PIF,Peak Inspiratory Flow,C120939,Pulmonary Function Test; Respiratory System Findings,Pulmonary Function Test,Pulmonary Function Test,DSS,RE,PIF_RE,Peak Inspiratory Flow (RE),RE,Findings,Quantitative,,,,,0.0,,L/s; L/min,,,,3.0,,,
C119547,C119547,Peak Nasal Inspiratory Flow,The maximal flow achieved during the maximally forced inspiration through the nose initiated at maximum exhalation.,PNIF,full,Subject,PNIF,Peak Nasal Inspiratory Flow,C119547,Pulmonary Function Test; Respiratory System Findings,Pulmonary Function Test,Pulmonary Function Test,DSS,RE,PNIF_RE,Peak Nasal Inspiratory Flow (RE),RE,Findings,Quantitative,,,,,0.0,,L/s; L/min,,,,3.0,,,
C170623,C170623,Percent Predicted Airway Resistance,"A measurement of respiratory tract resistance to airflow during inspiration and expiration, as a proportion of the predicted normal value.",RAWPP,full,Subject,RAWPP,Percent Predicted Airway Resistance,C170623,Pulmonary Function Test; Respiratory System Findings,Pulmonary Function Test,Pulmonary Function Test,DSS,RE,RAWPP_RE,Percent Predicted Airway Resistance (RE),RE,Findings,Quantitative,,,,,0.0,,%,%,,,3.0,,,
C170621,C170621,Percent Predicted Airway Volume,"The total volume of gas in a specified airway or set of airways at a specified point in time in the respiratory cycle, expressed as a proportion of the predicted normal value.",AWVOLPP,full,Subject,AWVOLPP,Percent Predicted Airway Volume,C170621,Respiratory System Findings,Volume > Airway Volume,Airway Volume,DSS,RE,AWVOLPP_RE,Percent Predicted Airway Volume (RE),RE,Findings,Quantitative,,,,,0.0,,%,%,,,3.0,,,
C120829,C120829,Percent Predicted Diffusion Capacity of the Lung for Carbon Monoxide,"The degree to which inhaled carbon monoxide diffuses from the alveoli into the blood, expressed as a proportion of the predicted normal value.",DLCOPP;Percent Predicted DLCO,full,Subject,DLCOPP,Percent Predicted DLCO,C120829,Pulmonary Function Test; Respiratory System Findings,Pulmonary Function Test,Pulmonary Function Test,DSS,RE,DLCOPP_RE,Percent Predicted DLCO (RE),RE,Findings,Quantitative,,,,,0.0,,%,%,,,3.0,,,
C120831,C120831,Percent Predicted Diffusion Capacity of the Lung for Carbon Monoxide/Alveolar Volume Ratio,"The calculated ratio of the lung's alveolar volume with respect to its diffusion capacity for carbon monoxide, expressed as a proportion of the predicted normal value.",DLCOVAPP;Percent Predicted DLCO/VA,full,Subject,DLCOVAPP,Percent Predicted DLCO/VA,C120831,Pulmonary Function Test; Respiratory System Findings,Pulmonary Function Test,Pulmonary Function Test,DSS,RE,DLCOVAPP_RE,Percent Predicted DLCO/VA (RE),RE,Findings,Quantitative,,,,,0.0,,%; RATIO,,,,3.0,,,
C112375,C112375,Percent Predicted Expiratory Reserve Volume,The maximum volume of air a subject can exhale from the lungs after a tidal exhalation as a proportion of the predicted normal value. (CDISC),ERVPP;Percent Predicted ERV,full,Subject,ERVPP,Percent Predicted ERV,C112375,Pulmonary Function Test; Respiratory System Findings,Pulmonary Function Test,Pulmonary Function Test,DSS,RE,ERVPP_RE,Percent Predicted ERV (RE),RE,Findings,Quantitative,,,,,0.0,,%,%,,,3.0,,,
C199984,C199984,Percent Predicted Expiratory Vital Capacity,The maximum volume of air an individual can exhale from the point of maximal inhalation as a percentage of the predicted normal value.,EVCPP;Percent Predicted EVC,full,Subject,EVCPP,Percent Predicted EVC,C199984,Respiratory System Findings,Pulmonary Function Test > Expiratory Vital Capacity,Expiratory Vital Capacity,DSS,RE,EVCPP_RE,Percent Predicted EVC (RE),RE,Findings,Quantitative,,,,,0.0,,%,%,,,3.0,,,
C119546,C119546,Percent Predicted Forced Expiratory Flow at 25-75 Percent,The mean forced expiratory flow rate at 25-75% of the forced vital capacity as a proportion of the predicted normal value.,FEF2575P;Percent Predicted FEF25-75;FEF at 25-75%,full,Subject,FEF2575P,Percent Predicted FEF25-75,C119546,Pulmonary Function Test; Respiratory System Findings,Pulmonary Function Test,Pulmonary Function Test,DSS,RE,FEF2575P_RE,Percent Predicted FEF25-75 (RE),RE,Findings,Quantitative,,,,,0.0,,%,%,,,3.0,,,
C112376,C112376,Percent Predicted Forced Expiratory Volume in 1 Second,Forced expiratory volume in one second as a proportion of the predicted normal value. (CDISC),FEV1PP;Percent Predicted FEV1,full,Subject,FEV1PP,Percent Predicted FEV1,C112376,Pulmonary Function Test; Respiratory System Findings,Pulmonary Function Test,Pulmonary Function Test,DSS,RE,FEV1PP_RE,Percent Predicted FEV1 (RE),RE,Findings,Quantitative,,,,,0.0,,%,%,,,3.0,,,
C112377,C112377,Percent Predicted Forced Expiratory Volume in 1 Second Divided by Forced Vital Capacity,The proportion of total forced vital capacity that is expelled during the first second of a forced exhalation as a proportion of the predicted normal value. (CDISC),FEV1FVCP;Percent Predicted FEV1/FVC,full,Subject,FEV1FVCP,Percent Predicted FEV1/FVC,C112377,Pulmonary Function Test; Respiratory System Findings,Pulmonary Function Test,Pulmonary Function Test,DSS,RE,FEV1FVCP_RE,Percent Predicted FEV1/FVC (RE),RE,Findings,Quantitative,,,,,0.0,,%,%,,,3.0,,,
C170627,C170627,Percent Predicted Forced Expiratory Volume in 3 Seconds,Forced expiratory volume in three seconds as a proportion of the predicted normal value.,FEV3PP;Percent Predicted FEV3,full,Subject,FEV3PP,Percent Predicted FEV3,C170627,Pulmonary Function Test; Respiratory System Findings,Pulmonary Function Test,Pulmonary Function Test,DSS,RE,FEV3PP_RE,Percent Predicted FEV3 (RE),RE,Findings,Quantitative,,,,,0.0,,%,%,,,3.0,,,
C112378,C112378,Percent Predicted Forced Expiratory Volume in 6 Seconds,Forced expiratory volume in six seconds as a proportion of the predicted normal value. (CDISC),FEV6PP;Percent Predicted FEV6,full,Subject,FEV6PP,Percent Predicted FEV6,C112378,Pulmonary Function Test; Respiratory System Findings,Pulmonary Function Test,Pulmonary Function Test,DSS,RE,FEV6PP_RE,Percent Predicted FEV6 (RE),RE,Findings,Quantitative,,,,,0.0,,%,%,,,3.0,,,
C112379,C112379,Percent Predicted Forced Inspiratory Flow Maximum,Forced inspiratory flow for a portion of the FVC curve at the point where the maximum portion of FVC is already inhaled as a proportion of the predicted normal value. (CDISC),FIFMAXPP;Percent Predicted FIFmax,full,Subject,FIFMAXPP,Percent Predicted FIFmax,C112379,Pulmonary Function Test; Respiratory System Findings,Pulmonary Function Test,Pulmonary Function Test,DSS,RE,FIFMAXPP_RE,Percent Predicted FIFmax (RE),RE,Findings,Quantitative,,,,,0.0,,%,%,,,3.0,,,
C112380,C112380,Percent Predicted Forced Inspiratory Volume in 1 Second,The volume of air that a subject can breathe in during the first second of inhalation after maximum exhalation as a proportion of the predicted normal value. (CDISC),FIV1PP;Percent Predicted FIV1,full,Subject,FIV1PP,Percent Predicted FIV1,C112380,Pulmonary Function Test; Respiratory System Findings,Pulmonary Function Test,Pulmonary Function Test,DSS,RE,FIV1PP_RE,Percent Predicted FIV1 (RE),RE,Findings,Quantitative,,,,,0.0,,%,%,,,3.0,,,
C112381,C112381,Percent Predicted Forced Vital Capacity,Forced vital capacity as a proportion of the predicted normal value. (CDISC),FVCPP;Percent Predicted FVC,full,Subject,FVCPP,Percent Predicted Forced Vital Capacity,C112381,Pulmonary Function Test; Respiratory System Findings,Pulmonary Function Test,Pulmonary Function Test,DSS,RE,FVCPP_RE,Percent Predicted Forced Vital Capacity (RE),RE,Findings,Quantitative,,,,,0.0,,%,%,,,3.0,,,
C126052,C126052,Percent Predicted Functional Residual Capacity,The volume of air remaining in the lungs after a normal exhalation as a proportion of the predicted normal value. (CDISC),FRCPP;Percent Predicted FRC,full,Subject,FRCPP,Percent Predicted FRC,C126052,Pulmonary Function Test; Respiratory System Findings,Pulmonary Function Test,Pulmonary Function Test,DSS,RE,FRCPP_RE,Percent Predicted FRC (RE),RE,Findings,Quantitative,,,,,0.0,,%,%,,,3.0,,,
C120826,C120826,Percent Predicted Hemoglobin Corrected Diffusion Capacity of the Lung for Carbon Monoxide,"The diffusion capacity of the lungs for carbon monoxide adjusted for hemoglobin concentration, expressed as a proportion of the predicted normal value.",DLCOHCPP;Percent Predicted HGB Corrected DLCO,full,Subject,DLCOHCPP,Percent Predicted HGB Corrected DLCO,C120826,Pulmonary Function Test; Respiratory System Findings,Pulmonary Function Test,Pulmonary Function Test,DSS,RE,DLCOHCPP_RE,Percent Predicted HGB Corrected DLCO (RE),RE,Findings,Quantitative,,,,,0.0,,%,%,,,3.0,,,
C120828,C120828,Percent Predicted Hemoglobin Corrected Diffusion Capacity of the Lung for Carbon Monoxide/Alveolar Volume Ratio,"The diffusion capacity of the lungs for carbon monoxide adjusted for the ratio of hemoglobin concentration to alveolar volume, and expressed as a proportion of the predicted normal value.",DLCOHVAP;Percent Predicted HGB Corrected DLCO/VA,full,Subject,DLCOHVAP,Percent Predicted HGB Corrected DLCO/VA,C120828,Pulmonary Function Test; Respiratory System Findings,Pulmonary Function Test,Pulmonary Function Test,DSS,RE,DLCOHVAP_RE,Percent Predicted HGB Corrected DLCO/VA (RE),RE,Findings,Quantitative,,,,,0.0,,%; RATIO,,,,3.0,,,
C112382,C112382,Percent Predicted Inspiratory Capacity,The maximum volume of air a subject can inhale into the lungs after a tidal exhalation (IRV plus TV) as a proportion of the predicted normal value. (CDISC),ICPP;Percent Predicted IC,full,Subject,ICPP,Percent Predicted Inspiratory Capacity,C112382,Pulmonary Function Test; Respiratory System Findings,Pulmonary Function Test,Pulmonary Function Test,DSS,RE,ICPP_RE,Percent Predicted Inspiratory Capacity (RE),RE,Findings,Quantitative,,,,,0.0,,%,%,,,3.0,,,
C112383,C112383,Percent Predicted Inspiratory Reserve Volume,The maximum volume of air a subject can inhale into the lungs after a tidal inhalation as a proportion of the predicted normal value. (CDISC),IRVPP;Percent Predicted IRV,full,Subject,IRVPP,Percent Predicted IRV,C112383,Pulmonary Function Test; Respiratory System Findings,Pulmonary Function Test,Pulmonary Function Test,DSS,RE,IRVPP_RE,Percent Predicted IRV (RE),RE,Findings,Quantitative,,,,,0.0,,%,%,,,3.0,,,
C124424,C124424,Percent Predicted Inspiratory Vital Capacity,"The maximum volume of gas an individual can inhale from the point of maximal exhalation expressed as a percentage of the expected result value for healthy individuals of similar age, sex, height, and race.",IVCPP;Percent Predicted IVC,full,Subject,IVCPP,Percent Predicted IVC,C124424,Pulmonary Function Test; Respiratory System Findings,Pulmonary Function Test,Pulmonary Function Test,DSS,RE,IVCPP_RE,Percent Predicted IVC (RE),RE,Findings,Quantitative,,,,,0.0,,%,%,,,3.0,,,
C174361,C174361,Percent Predicted Lobar Volume,"The total volume of gas in a lobe of the lung at a specified point in time during the respiratory cycle, as a proportion of the predicted normal value.",LOBVOLPP,full,Subject,LOBVOLPP,Percent Predicted Lobar Volume,C174361,Respiratory System Findings,Pulmonary Function Test > Lobar Volume,Lobar Volume,DSS,RE,LOBVOLPP_RE,Percent Predicted Lobar Volume (RE),RE,Findings,Quantitative,,,,,0.0,,%,%,,,3.0,,,
C135495,C135495,Percent Predicted Maximal Expiratory Pressure,"The greatest amount of pressure that can be generated by exhaling against a mouthpiece, which is a measure of the strength of respiratory muscles expressed as a proportion of the predicted normal value.",MEPPP;Percent Predicted MEP,full,Subject,MEPPP,Percent Predicted MEP,C135495,Pulmonary Function Test; Respiratory System Findings,Pulmonary Function Test,Pulmonary Function Test,DSS,RE,MEPPP_RE,Percent Predicted MEP (RE),RE,Findings,Quantitative,,,,,0.0,,%,%,,,3.0,,,
C135497,C135497,Percent Predicted Maximal Inspiratory Pressure,"The greatest amount of pressure that can be generated during inhalation against a fully occluded airway, which is used to measure the strength of respiratory muscles expressed as a proportion of the predicted normal value.",MIPPP;Percent Predicted MIP,full,Subject,MIPPP,Percent Predicted MIP,C135497,Pulmonary Function Test; Respiratory System Findings,Pulmonary Function Test,Pulmonary Function Test,DSS,RE,MIPPP_RE,Percent Predicted MIP (RE),RE,Findings,Quantitative,,,,,0.0,,%,%,,,3.0,,,
C112384,C112384,Percent Predicted Peak Expiratory Flow,The maximal flow achieved during the maximally forced expiration initiated at maximum inhalation as a proportion of the predicted normal value. (CDISC),PEFPP;Percent Predicted PEF,full,Subject,PEFPP,Percent Predicted Peak Expiratory Flow,C112384,Pulmonary Function Test; Respiratory System Findings,Pulmonary Function Test,Pulmonary Function Test,DSS,RE,PEFPP_RE,Percent Predicted Peak Expiratory Flow (RE),RE,Findings,Quantitative,,,,,0.0,,%,%,,,3.0,,,
C112385,C112385,Percent Predicted Residual Volume,The volume of air remaining in the lungs after maximum exhalation as a proportion of the predicted normal value. (CDISC),RVPP,full,Subject,RVPP,Percent Predicted Residual Volume,C112385,Pulmonary Function Test; Respiratory System Findings,Pulmonary Function Test,Pulmonary Function Test,DSS,RE,RVPP_RE,Percent Predicted Residual Volume (RE),RE,Findings,Quantitative,,,,,0.0,,%,%,,,3.0,,,
C112386,C112386,Percent Predicted Slow Vital Capacity,The maximum volume of air that can be exhaled after slow maximum inhalation as a proportion of the predicted normal value. (CDISC),SVCPP;Percent Predicted SVC,full,Subject,SVCPP,Percent Predicted Slow Vital Capacity,C112386,Pulmonary Function Test; Respiratory System Findings,Pulmonary Function Test,Pulmonary Function Test,DSS,RE,SVCPP_RE,Percent Predicted Slow Vital Capacity (RE),RE,Findings,Quantitative,,,,,0.0,,%,%,,,3.0,,,
C170624,C170624,Percent Predicted Specific Airway Resistance,"A measurement used to describe airway behavior irrespective of lung volume; it is calculated as airway resistance (Raw) multiplied by functional residual capacity (FRC), as a proportion of the predicted normal value.",Percent Predicted Sp Airway Resistance;SRAWPP,full,Subject,SRAWPP,Percent Predicted Sp Airway Resistance,C170624,Pulmonary Function Test; Respiratory System Findings,Pulmonary Function Test,Pulmonary Function Test,DSS,RE,SRAWPP_RE,Percent Predicted Sp Airway Resistance (RE),RE,Findings,Quantitative,,,,,0.0,,%,%,,,3.0,,,
C170622,C170622,Percent Predicted Specific Airway Volume,"A parameter used in functional respiratory imaging, derived by dividing the airway volume of a specified intrapulmonary region by the total volume of the same specified intrapulmonary region, expressed as a proportion of the predicted normal value.",SAWVOLPP,full,Subject,SAWVOLPP,Percent Predicted Specific Airway Volume,C170622,Respiratory System Findings,Volume > Airway Volume,Airway Volume,DSS,RE,SAWVOLPP_RE,Percent Predicted Specific Airway Volume (RE),RE,Findings,Quantitative,,,,,0.0,,%,%,,,3.0,,,
C112387,C112387,Percent Predicted Tidal Volume,The volume of air moved into and out of the lungs during breathing at rest as a proportion of the predicted normal value. (CDISC),TVPP,full,Subject,TVPP,Percent Predicted Tidal Volume,C112387,Pulmonary Function Test; Respiratory System Findings,Pulmonary Function Test,Pulmonary Function Test,DSS,RE,TVPP_RE,Percent Predicted Tidal Volume (RE),RE,Findings,Quantitative,,,,,0.0,,%,%,,,3.0,,,
C112388,C112388,Percent Predicted Total Lung Capacity,The total volume of air in the lungs after maximum inhalation as a proportion of the predicted normal value. (CDISC),TLCPP,full,Subject,TLCPP,Percent Predicted Total Lung Capacity,C112388,Pulmonary Function Test; Respiratory System Findings,Pulmonary Function Test,Pulmonary Function Test,DSS,RE,TLCPP_RE,Percent Predicted Total Lung Capacity (RE),RE,Findings,Quantitative,,,,,0.0,,%,%,,,3.0,,,
C174371,C174371,Peripheral Body Temperature,A measurement of the temperature on the surfaces of the outer areas or boundaries of the body.,TEMPPB,full,Subject,TEMPPB,Peripheral Body Temperature,C174371,Temperature; Vital Signs,Physical Examination Finding > Body Temperature Measurement,Body Temperature Measurement,DSS,VS,TEMPPB,Peripheral Body Temperature,VS,Findings,Quantitative,,,,,0.0,,C; F,,,,4.0,RECTUM;AXILLA;EAR;FOREHEAD;SUBLINGUAL REGION,,
C20989,C20989,Physical Examination,"A systemic evaluation of the body and its functions using visual inspection, palpation, percussion and auscultation. The purpose is to determine the presence or absence of physical signs of disease or abnormality for an individual's health assessment.",General Examination;Physical Exam;PHYSICAL EXAM;PHYSICAL EXAMINATION;physical exam;physical_exam;Physical examination procedure (procedure);assessment;physical examination;Assessment;Physical;Physical Assessment;Physical exam,hierarchy_only,Subject,,,,Physical Examination,,,BC_only_hierarchy,,,,,,,,,,,,,,,,,,,,
C171521,C171521,Pneumonia Indicator,An indication as to whether pneumonia has occurred.,PNEUMIND,full,Subject,PNEUMIND,Pneumonia Indicator,C171521,Clinical Findings Indicators; Respiratory System Findings,Clinical Findings Indicator,Clinical Findings Indicator,DSS,RE,PNEUMIND_RE,Pneumonia Indicator (RE),RE,Findings,Qualitative,,,,,0.0,,,,,,3.0,,,
C38081,C38081,Pulmonary Function Test,A broad range of tests that are performed to assess how well lungs inhale and exhale air and how efficiently they transfer oxygen into the blood.,Pulmonary Function Test;lung function test;PFT;Pulmonary Function Testing,hierarchy_only,Subject,,,,Pulmonary Function Tests; Respiratory System Findings; Vital Signs,,,BC_only_hierarchy,,,,,,,,,,,,,,,,,,,,
C139254,C139254,Pulmonary Inertance,The measure of the force of the column of air in the conducting airways.,INERTANC;Inertance,full,Subject,INERTANC,Inertance,C139254,Pulmonary Function Test; Respiratory System Findings,Pulmonary Function Test,Pulmonary Function Test,DSS,RE,INERTANC_RE,Inertance (RE),RE,Findings,Quantitative,,,,,0.0,,,,,,2.0,,,
C123567,C123567,Pulmonary Reactance,"The measurement of the ability of the lung to store energy, which is required for passive expiration. Reactance consists of two components: the negative component reflects capacitive behavior (C) and corresponds to both the thoraco-pulmonary elasticity and to changes in the available lung volumes in the distal compartments of the lung; the positive component of reactance has inertial characteristics (I) describing the moving air column in the bronchial tree.",PLMXRS,full,Subject,PLMXRS,Pulmonary Reactance,C123567,Pulmonary Function Test; Respiratory System Findings,Pulmonary Function Test,Pulmonary Function Test,DSS,RE,PLMXRS_RE,Pulmonary Reactance (RE),RE,Findings,Quantitative,,,,,0.0,,,,,,2.0,,,
C100945,C100945,Pulse Pressure,The force of a heart contraction measured by the difference between the diastolic and systolic blood pressure measurements.,PULSEPR,full,Subject,PULSEPR,Pulse Pressure,C100945,Blood Pressure; Vital Signs,Personal Attribute,Personal Attribute,DSS,VS,PULSEPR,Pulse Pressure,VS,Findings,Quantitative,,,,,0.0,,mmHg,,,,4.0,,,
C139255,C139255,Quasi-Static Compliance,The static elastic recoil pressure of the lungs at a given lung volume.,QUASCOMP,full,Subject,QUASCOMP,Quasi-Static Compliance,C139255,Pulmonary Function Test; Respiratory System Findings,Pulmonary Function Test,Pulmonary Function Test,DSS,RE,QUASCOMP_RE,Quasi-Static Compliance (RE),RE,Findings,Quantitative,,,,,0.0,,mL/cm H2O,mL/cm H2O,,,3.0,,,
C89836,C89836,Residual Volume,The volume of air remaining in the lungs after a maximal exhalation.,RV,full,Subject,RV,Residual Volume,C89836,Pulmonary Function Test; Respiratory System Findings,Pulmonary Function Test,Pulmonary Function Test,DSS,RE,RV_RE,Residual Volume (RE),RE,Findings,Quantitative,,,,,0.0,,mL,mL,,,3.0,,,
C123568,C123568,Respiratory Exchange Ratio,"The ratio of the amount of carbon dioxide produced to the amount of oxygen consumed in one breath. This ratio is used to estimate the respiratory quotient, which indicates what type of fuel source the body is metabolising to provide energy.",RER,full,Subject,RER,Respiratory Exchange Ratio,C123568,Pulmonary Function Test; Respiratory System Findings,Pulmonary Function Test,Pulmonary Function Test,DSS,RE,RER_RE,Respiratory Exchange Ratio (RE),RE,Findings,Quantitative,,,,,0.0,,RATIO,RATIO,,,3.0,,,
C198356,C198356,Respiratory System Examination,"An observation, assessment or examination of the respiratory system.",REEXAM,full,Subject,REEXAM,Respiratory System Examination,C198356,Respiratory System Findings,Body Organ or System Test,Body Organ or System Test,DSS,RE,REEXAM_RE,Respiratory System Examination (RE),RE,Findings,Qualitative,,,,,0.0,,,,,,2.0,,,
C45233,C45233,Respiratory System Finding,"Symptoms, physical examination results, and/or laboratory test results related to the respiratory system.",Respiratory;RESPIRATORY SYSTEM;Respiratory Finding,hierarchy_only,Subject,,,,Respiratory System Findings,,,BC_only_hierarchy,,,,,,,,,,,,,,,,,,,,
C87054,C87054,Sagittal Abdominal Diameter,"A standard measure of visceral obesity, or abdominal fat, which is measured from the patient's back to upper abdomen between the bottom of the rib cage and the top of the pelvic area. This measurement may be taken with the patient standing or in the supine position.",SAD,full,Subject,SAD,Sagittal Abdominal Diameter,C87054,Body Measurements; Vital Signs,Diameter,Diameter,DSS,VS,SAD,Sagittal Abdominal Diameter,VS,Findings,Quantitative,,,,,0.0,,cm; in; mm,,,,3.0,,,
C139256,C139256,Salazar-Knowles Equation Parameter A,"A representation of the exponential function described by the Salazar-Knowles equation, and an estimation of a subject's inspiratory capacity.",SALKA,full,Subject,SALKA,Salazar-Knowles Equation Parameter A,C139256,Pulmonary Function Test; Respiratory System Findings,Pulmonary Function Test,Pulmonary Function Test,DSS,RE,SALKA_RE,Salazar-Knowles Equation Parameter A (RE),RE,Findings,Quantitative,,,,,0.0,,,,,,2.0,,,
C139257,C139257,Salazar-Knowles Equation Parameter B,The difference between the volume at total lung capacity and the hypothesized volume at a transpulmonary pressure of zero.,SALKB,full,Subject,SALKB,Salazar-Knowles Equation Parameter B,C139257,Pulmonary Function Test; Respiratory System Findings,Pulmonary Function Test,Pulmonary Function Test,DSS,RE,SALKB_RE,Salazar-Knowles Equation Parameter B (RE),RE,Findings,Quantitative,,,,,0.0,,,,,,2.0,,,
C139258,C139258,"Salazar-Knowles Equation, K Parameter",The reflection of the curvature of the upper portion of the deflationary limb of the pressure-volume curve.,"Salazar-Knowles Equation, K;SALKK",full,Subject,SALKK,"Salazar-Knowles Equation, K",C139258,Pulmonary Function Test; Respiratory System Findings,Pulmonary Function Test,Pulmonary Function Test,DSS,RE,SALKK_RE,"Salazar-Knowles Equation, K (RE)",RE,Findings,Quantitative,,,,,0.0,,,,,,2.0,,,
C204693,C204693,Second Ventilatory Threshold,The point during activity or exercise at which the effort to ventilate increases such that the exerciser experiences duress and can no longer speak. This threshold is characterized by anaerobic metabolism and lactate buildup.,Anaerobic Threshold;Lactate Threshold;Respiratory Compensation Threshold;Ventilatory Threshold 2;VT2,full,Subject,VT2,Ventilatory Threshold 2,C204693,Respiratory System Findings,Ventilatory Threshold,Ventilatory Threshold,DSS,RE,VT2_RE,Ventilatory Threshold 2 (RE),RE,Findings,Quantitative,,,,,0.0,,mL/kg/min,mL/kg/min,,,3.0,,,
C77537,C77537,Skinfold Thickness Analysis,Techniques for estimating body fat whereby a pinch of skin is precisely measured by calipers at several standardized points on the body to determine the subcutaneous fat layer thickness. These measurements are converted to an estimated body fat percentage by an equation.,Skinfold Test,hierarchy_only,Subject,,,,Body Measurements; Vital Signs,,,BC_only_hierarchy,,,,,,,,,,,,,,,,,,,,
C111315,C111315,Slow Vital Capacity,The maximum volume of air that can be exhaled after slow maximum inhalation.,SVC,full,Subject,SVC,Slow Vital Capacity,C111315,Pulmonary Function Test; Respiratory System Findings,Pulmonary Function Test,Pulmonary Function Test,DSS,RE,SVC_RE,Slow Vital Capacity (RE),RE,Findings,Quantitative,,,,,0.0,,L; mL,,,,3.0,,,
C106568,C106568,Sodium Clearance Measurement,The determination of the amount of the sodium clearance in a sample.,NACLR;Sodium Clearance,full,Subject,NACLR,Sodium Clearance,C106568,Chemistry Tests; Clearance Rates; Laboratory Tests,Chemistry Test,Chemistry Test,DSS,LB,NACLRSERPL,Sodium Clearance in Serum or Plasma,LB,Findings,Quantitative,SERUM OR PLASMA,C105706,,,0.0,,mL/min; mL/s,mL/s,CHEMISTRY,,6.0,,,
C150823,C150823,Sodium Excretion Rate,A determination of the amount of sodium being excreted in a biological specimen over a defined period of time.,SODMEXR,full,Subject,SODMEXR,Sodium Excretion Rate,C150823,Biological Clearance Rates; Clearance Rates; Excreation Rates; Laboratory Tests,Excretion Rate,Excretion Rate,DSS,LB,SODEXRURIN,Sodium Excretion Rate in Urine,LB,Findings,Quantitative,URINE,C13283,,,0.0,,mmol/day; mmol/s,mmol/s,,,6.0,,,
C122186,C122186,Specific Airway Conductance,A measurement of the airway conductance relative to lung volume.,SGAW;sGaw,full,Subject,SGAW,Specific Airway Conductance,C122186,Pulmonary Function Test; Respiratory System Findings,Pulmonary Function Test,Pulmonary Function Test,DSS,RE,SGAW_RE,Specific Airway Conductance (RE),RE,Findings,Quantitative,,,,,0.0,,,,,,2.0,,,
C123569,C123569,Specific Airway Resistance,A measurement used to describe airway behavior irrespective of lung volume; it is calculated as airway resistance (Raw) multiplied by functional residual capacity (FRC).,SRAW;sRAW,full,Subject,SRAW,Specific Airway Resistance,C123569,Pulmonary Function Test; Respiratory System Findings,Pulmonary Function Test,Pulmonary Function Test,DSS,RE,SRAW_RE,Specific Airway Resistance (RE),RE,Findings,Quantitative,,,,,0.0,,cmH2O*s/mL,cmH2O*s/mL,,,3.0,,,
C170618,C170618,Specific Airway Volume,"A parameter used in functional respiratory imaging, derived by dividing the airway volume of a specified intrapulmonary region by the total volume of the same specified intrapulmonary region.",SAWVOL,full,Subject,SAWVOL,Specific Airway Volume,C170618,Respiratory System Findings,Volume > Airway Volume,Airway Volume,DSS,RE,SAWVOL_RE,Specific Airway Volume (RE),RE,Findings,Quantitative,,,,,0.0,,mL,mL,,,3.0,,,
C224898,C224898,Study Participation Disposition,The way in which study participation is ended based on the reason for ending study participation.,,full,Subject,,,,Protocol Disposition Events; Protocol Events,Protocol Disposition Event,Protocol Disposition Event,DSS,DS,DSSTUDYPARTICIPATION,Study Participation Disposition,DS,Events,Nominal,,,,,0.0,,,,,STUDY PARTICIPATION,4.0,,,
C224899,C224899,Study Treatment Disposition,The way in which study treatment is ended based on the reason for ending study treatment.,,full,Subject,,,,Protocol Disposition Events; Protocol Events,Protocol Disposition Event,Protocol Disposition Event,DSS,DS,DSSTUDYTREATMENT,Study Treatment Disposition,DS,Events,Nominal,,,,,0.0,,,,,STUDY TREATMENT,4.0,,,
C98785,C98785,Subscapular Skinfold Thickness,A measurement of the thickness of a pinch of skin situated below or on the underside of the scapula.,SSSKNF,full,Subject,SSSKNF,Subscapular Skinfold Thickness,C98785,Body Measurements; Vital Signs,Skinfold Thickness Analysis,Skinfold Thickness Analysis,DSS,VS,SSSKNF,Subscapular Skinfold Thickness,VS,Findings,Quantitative,,,,,0.0,,cm; in; mm,,,,3.0,,,
C172608,C172608,Systolic Blood Pressure-for-Age Percentile,"A measurement of an individual's systolic blood pressure in relationship to age, in comparison to a reference percentile curve.",SBPAPCTL;Systolic BP-for-Age Percentile,full,Subject,SBPAPCTL,Systolic BP-for-Age Percentile,C172608,Blood Pressure; Vital Signs,,,DSS,VS,SBPAPCTL,Systolic BP-for-Age Percentile,VS,Findings,Quantitative,,,,,0.0,,,,,,2.0,,,
C172607,C172607,Systolic Blood Pressure-for-Height Percentile,"A measurement of an individual's systolic blood pressure in relationship to height, in comparison to a reference percentile curve.",SBPHPCTL;Systolic BP-for-Height Percentile,full,Subject,SBPHPCTL,Systolic BP-for-Height Percentile,C172607,Blood Pressure; Vital Signs,,,DSS,VS,SBPHPCTL,Systolic BP-for-Height Percentile,VS,Findings,Quantitative,,,,,0.0,,,,,,2.0,,,
C124426,C124426,Thoracic Gas Volume,The absolute volume of gas contained in the thoracic cavity at any given point in time and at any level of alveolar pressure.,TGV,full,Subject,TGV,Thoracic Gas Volume,C124426,Pulmonary Function Test; Respiratory System Findings,Pulmonary Function Test,Pulmonary Function Test,DSS,RE,TGV_RE,Thoracic Gas Volume (RE),RE,Findings,Quantitative,,,,,0.0,,mL; L,,,,3.0,,,
C191365,C191365,Tibial Length,A measurement of the length of the tibia.,TIBIAL,full,Subject,TIBIAL,Tibial Length,C191365,Body Measurements; Vital Signs,Length,Length,DSS,VS,TIBIAL,Tibial Length,VS,Findings,Quantitative,,,,,0.0,,cm; in; mm,,,,3.0,,,
C111324,C111324,Tidal Volume,The volume of air moved into and out of the lungs during breathing at rest.,TIDALVOL;TV,full,Subject,TV,Tidal Volume,C111324,Pulmonary Function Test; Respiratory System Findings,Pulmonary Function Test,Pulmonary Function Test,DSS,RE,TV_RE,Tidal Volume (RE),RE,Findings,Quantitative,,,,,0.0,,mL; L,,,,3.0,,,
C139260,C139260,Tissue Elastance,A reflection of energy conservation within a given tissue.,TSUELAS,full,Subject,TSUELAS,Tissue Elastance,C139260,Pulmonary Function Test; Respiratory System Findings,Pulmonary Function Test,Pulmonary Function Test,DSS,RE,TSUELAS_RE,Tissue Elastance (RE),RE,Findings,Quantitative,,,,,0.0,,kPa,kPa,,,3.0,,,
C139261,C139261,Tissue Hysteresivity Measurement,"The energy dissipated relative to the elastic energy stored in the tissue in a P-V cycle. Fredberg, J.J., Stamenovic, D. (1 December 1989). On the Imperfect Elasticity of Lung Tissue. Journal of Applied Physiology, Vol. 67. Retrieved from https://owl.english.purdue.edu/owl/resource/560/10/",Tissue Hysteresivity;TSUHYS,full,Subject,TSUHYS,Tissue Hysteresivity,C139261,Pulmonary Function Test; Respiratory System Findings,Pulmonary Function Test,Pulmonary Function Test,DSS,RE,TSUHYS_RE,Tissue Hysteresivity (RE),RE,Findings,Quantitative,,,,,0.0,,,,,,2.0,,,
C81298,C81298,Total Body Length,The total linear extent of the body.,BODLNGTH;Body Length,full,Subject,BODLNGTH,Body Length,C81298,Body Measurements; Vital Signs,Length,Length,DSS,VS,BODLNGTH,Body Length,VS,Findings,Quantitative,,,,,0.0,,cm; in; mm,,,,3.0,,,
C104622,C104622,Total Body Water Measurement,"A measurement of the quantity of water within the body, including both the intracellular and extracellular compartments.",TBW;Total Body Water,full,Subject,TBW,Total Body Water,C104622,Body Water Measurement; Vital Signs,Physical Examination,Physical Examination,DSS,VS,TBW,Total Body Water,VS,Findings,Quantitative,,,,,0.0,,L; dL,,,,3.0,,,
C111325,C111325,Total Lung Capacity,The total volume of air in the lungs after maximum inhalation.,Lung volume test;TLC;TLUNGCAP;Total lung capacity,full,Subject,TLC,Total Lung Capacity,C111325,Pulmonary Function Test; Respiratory System Findings,Pulmonary Function Test,Pulmonary Function Test,DSS,RE,TLC_RE,Total Lung Capacity (RE),RE,Findings,Quantitative,,,,,0.0,,mL; L,,,,3.0,,,
C122185,C122185,Total Respiratory System Resistance,"A calculated value based on all factors that influence the flow of gas from the airway opening to the alveoli, including airway resistance, and tissue resistance of the lung and chest wall.",RRS,full,Subject,RRS,Total Respiratory System Resistance,C122185,Pulmonary Function Test; Respiratory System Findings,Pulmonary Function Test,Pulmonary Function Test,DSS,RE,RRS_RE,Total Respiratory System Resistance (RE),RE,Findings,Quantitative,,,,,0.0,,cmH2O*s/mL,cmH2O*s/mL,,,3.0,,,
C98793,C98793,Triceps Skinfold Thickness,A measurement of the thickness of a pinch of skin on the triceps.,TRSKNF,full,Subject,TRSKNF,Triceps Skinfold Thickness,C98793,Body Measurements; Vital Signs,Skinfold Thickness Analysis,Skinfold Thickness Analysis,DSS,VS,TRSKNF,Triceps Skinfold Thickness,VS,Findings,Quantitative,,,,,0.0,,cm; in; mm,,,,3.0,,,
C174376,C174376,Ulnar Length,A measurement of the length of the ulna.,ULNARL,full,Subject,ULNARL,Ulnar Length,C174376,Body Measurements; Vital Signs,Length,Length,DSS,VS,ULNARL,Ulnar Length,VS,Findings,Quantitative,,,,,0.0,,cm; in; mm,,,,3.0,,,
C123909,C123909,Ventilatory Threshold,The point during exercise at which pulmonary ventilation becomes disproportionately high with respect to oxygen consumption.,,hierarchy_only,Subject,,,,Respiratory System Findings,,,BC_only_hierarchy,,,,,,,,,,,,,,,,,,,,
C25335,C25335,Volume,The amount of three dimensional space occupied by an object or the capacity of a space or container.,Vol;Total Volume,hierarchy_only,Subject,,,,Respiratory System Findings,,,BC_only_hierarchy,,,,,,,,,,,,,,,,,,,,
C74720,C74720,Volume Measurement,The determination of the volume of a sample.,VOL;VOLUME;Volume,hierarchy_only,Subject,,,,Respiratory System Findings,,,BC_only_hierarchy,,,,,,,,,,,,,,,,,,,,
C181552,C181552,Waist to Heel Length,A measurement from the top of the waist to the bottom of the heel.,WASTHEEL,full,Subject,WASTHEEL,Waist to Heel Length,C181552,Body Measurements; Vital Signs,Length,Length,DSS,VS,WASTHEEL,Waist to Heel Length,VS,Findings,Quantitative,,,,,0.0,,cm; ft; in; m,,,,3.0,,,
C17651,C17651,Waist-Hip Ratio,The ratio of the abdominal circumference at the navel to maximum hip and buttocks circumference; looks at the proportion of fat stored on the body around the waist and hip. Carrying extra weight around the waist is a greater health risk than carrying extra weight around the hips or thighs.,Waist to Hip Ratio;WAISTHIP,full,Subject,WAISTHIP,Waist to Hip Ratio,C17651,Body Measurements; Vital Signs,Personal Attribute,Personal Attribute,DSS,VS,WAISTHIP,Waist to Hip Ratio,VS,Findings,Quantitative,,,,,0.0,,RATIO,,,,3.0,,,
C163569,C163569,Weight-for-Age Percentile,"A measurement of an individual's weight in relationship to age, in comparison to a reference percentile curve.",WTAPCTL,full,Subject,WTAPCTL,Weight-for-Age Percentile,C163569,Body Measurements; Vital Signs,,,DSS,VS,WTAPCTL,Weight-for-Age Percentile,VS,Findings,Quantitative,,,,,0.0,,,,,,2.0,,,
C163570,C163570,Weight-for-Height Percentile,"A measurement of an individual's weight in relationship to height, in comparison to a reference percentile curve.",WTHTPCTL,full,Subject,WTHTPCTL,Weight-for-Height Percentile,C163570,Body Measurements; Vital Signs,,,DSS,VS,WTHTPCTL,Weight-for-Height Percentile,VS,Findings,Quantitative,,,,,0.0,,,,,,2.0,,,
